Nome da Origem;Created By;Host ID;Host Name;Host MAC;Host Desc;Image Name;Image Path;Start Date;Start Time;End Date;End Time;Duration;Deploy/Capture;Tempo
1.csv;fog;2;a45d362abd33;a4:5d:36:2a:bd:33;Created by FOG Reg on January 11, 2024, 11:18 am;DebRodrigo;Not Valid;17/01/2024;06:52:22;17/01/2024;06:55:24;3 minutes 2 seconds;Deploy;00:02:15
1.csv;fog;3;a45d362a91f6;a4:5d:36:2a:91:f6;Created by FOG Reg on January 11, 2024, 11:18 am;DebRodrigo;Not Valid;17/01/2024;06:52:25;17/01/2024;06:55:24;2 minutes 59 seconds;Deploy;00:02:15
1.csv;fog;4;a45d362aad8f;a4:5d:36:2a:ad:8f;Created by FOG Reg on January 11, 2024, 11:18 am;DebRodrigo;Not Valid;17/01/2024;06:52:20;17/01/2024;06:55:25;3 minutes 5 seconds;Deploy;00:02:16
1.csv;fog;5;a45d362a9db8;a4:5d:36:2a:9d:b8;Created by FOG Reg on January 11, 2024, 11:19 am;DebRodrigo;Not Valid;17/01/2024;06:52:44;17/01/2024;06:55:25;2 minutes 41 seconds;Deploy;00:02:16
1.csv;fog;7;a45d362abd2b;a4:5d:36:2a:bd:2b;Created by FOG Reg on January 11, 2024, 11:20 am;DebRodrigo;Not Valid;17/01/2024;06:53:09;17/01/2024;06:55:32;2 minutes 23 seconds;Deploy;00:02:23
1.csv;fog;8;a45d362aed83;a4:5d:36:2a:ed:83;Created by FOG Reg on January 11, 2024, 11:20 am;DebRodrigo;Not Valid;17/01/2024;06:52:19;17/01/2024;06:55:24;3 minutes 5 seconds;Deploy;00:02:15
1.csv;fog;9;fc15b4d90f77;fc:15:b4:d9:0f:77;Created by FOG Reg on January 11, 2024, 11:20 am;DebRodrigo;Not Valid;17/01/2024;06:52:22;17/01/2024;06:55:25;3 minutes 3 seconds;Deploy;00:02:16
1.csv;fog;10;a45d362abd9d;a4:5d:36:2a:bd:9d;Created by FOG Reg on January 11, 2024, 11:20 am;DebRodrigo;Not Valid;17/01/2024;06:52:25;17/01/2024;06:55:25;3 minutes ;Deploy;00:02:16
1.csv;fog;11;a45d362a9143;a4:5d:36:2a:91:43;Created by FOG Reg on January 11, 2024, 11:20 am;DebRodrigo;Not Valid;17/01/2024;06:52:24;17/01/2024;06:55:24;3 minutes ;Deploy;00:02:15
1.csv;fog;12;a45d362ada99;a4:5d:36:2a:da:99;Created by FOG Reg on January 11, 2024, 11:20 am;DebRodrigo;Not Valid;17/01/2024;06:52:24;17/01/2024;06:55:25;3 minutes 1 second;Deploy;00:02:16
1.csv;fog;13;a45d362aad1b;a4:5d:36:2a:ad:1b;Created by FOG Reg on January 11, 2024, 11:20 am;DebRodrigo;Not Valid;17/01/2024;06:52:26;17/01/2024;06:55:24;2 minutes 58 seconds;Deploy;00:02:15
1.csv;fog;14;a45d362abd32;a4:5d:36:2a:bd:32;Created by FOG Reg on January 11, 2024, 11:20 am;DebRodrigo;Not Valid;17/01/2024;06:52:16;17/01/2024;06:55:25;3 minutes 9 seconds;Deploy;00:02:16
1.csv;fog;16;a45d362a9df5;a4:5d:36:2a:9d:f5;Created by FOG Reg on January 11, 2024, 11:23 am;DebRodrigo;Not Valid;17/01/2024;06:52:26;17/01/2024;06:55:24;2 minutes 58 seconds;Deploy;00:02:15
1.csv;fog;18;a45d362aadca;a4:5d:36:2a:ad:ca;Created by FOG Reg on January 12, 2024, 11:46 am;DebRodrigo;Not Valid;17/01/2024;06:52:20;17/01/2024;06:55:26;3 minutes 6 seconds;Deploy;00:02:17
10.CSV;fog;2;a45d362abd33;a4:5d:36:2a:bd:33;Created by FOG Reg on January 11, 2024, 11:18 am;DebRodrigo;Not Valid;17/01/2024;07:49:37;17/01/2024;07:52:32;2 minutes 55 seconds;Deploy;00:02:06
10.CSV;fog;3;a45d362a91f6;a4:5d:36:2a:91:f6;Created by FOG Reg on January 11, 2024, 11:18 am;DebRodrigo;Not Valid;17/01/2024;07:49:40;17/01/2024;07:52:32;2 minutes 52 seconds;Deploy;00:02:06
10.CSV;fog;4;a45d362aad8f;a4:5d:36:2a:ad:8f;Created by FOG Reg on January 11, 2024, 11:18 am;DebRodrigo;Not Valid;17/01/2024;07:49:35;17/01/2024;07:52:32;2 minutes 57 seconds;Deploy;00:02:06
10.CSV;fog;5;a45d362a9db8;a4:5d:36:2a:9d:b8;Created by FOG Reg on January 11, 2024, 11:19 am;DebRodrigo;Not Valid;17/01/2024;07:49:35;17/01/2024;07:52:31;2 minutes 56 seconds;Deploy;00:02:05
10.CSV;fog;7;a45d362abd2b;a4:5d:36:2a:bd:2b;Created by FOG Reg on January 11, 2024, 11:20 am;DebRodrigo;Not Valid;17/01/2024;07:50:26;17/01/2024;07:52:32;2 minutes 6 seconds;Deploy;00:02:06
10.CSV;fog;8;a45d362aed83;a4:5d:36:2a:ed:83;Created by FOG Reg on January 11, 2024, 11:20 am;DebRodrigo;Not Valid;17/01/2024;07:49:35;17/01/2024;07:52:31;2 minutes 56 seconds;Deploy;00:02:05
10.CSV;fog;9;fc15b4d90f77;fc:15:b4:d9:0f:77;Created by FOG Reg on January 11, 2024, 11:20 am;DebRodrigo;Not Valid;17/01/2024;07:49:38;17/01/2024;07:52:32;2 minutes 54 seconds;Deploy;00:02:06
10.CSV;fog;10;a45d362abd9d;a4:5d:36:2a:bd:9d;Created by FOG Reg on January 11, 2024, 11:20 am;DebRodrigo;Not Valid;17/01/2024;07:49:35;17/01/2024;07:52:32;2 minutes 57 seconds;Deploy;00:02:06
10.CSV;fog;11;a45d362a9143;a4:5d:36:2a:91:43;Created by FOG Reg on January 11, 2024, 11:20 am;DebRodrigo;Not Valid;17/01/2024;07:49:35;17/01/2024;07:52:32;2 minutes 57 seconds;Deploy;00:02:06
10.CSV;fog;12;a45d362ada99;a4:5d:36:2a:da:99;Created by FOG Reg on January 11, 2024, 11:20 am;DebRodrigo;Not Valid;17/01/2024;07:49:38;17/01/2024;07:52:31;2 minutes 53 seconds;Deploy;00:02:05
10.CSV;fog;13;a45d362aad1b;a4:5d:36:2a:ad:1b;Created by FOG Reg on January 11, 2024, 11:20 am;DebRodrigo;Not Valid;17/01/2024;07:49:38;17/01/2024;07:52:32;2 minutes 54 seconds;Deploy;00:02:06
10.CSV;fog;14;a45d362abd32;a4:5d:36:2a:bd:32;Created by FOG Reg on January 11, 2024, 11:20 am;DebRodrigo;Not Valid;17/01/2024;07:49:30;17/01/2024;07:52:33;3 minutes 3 seconds;Deploy;00:02:07
10.CSV;fog;16;a45d362a9df5;a4:5d:36:2a:9d:f5;Created by FOG Reg on January 11, 2024, 11:23 am;DebRodrigo;Not Valid;17/01/2024;07:49:37;17/01/2024;07:52:31;2 minutes 54 seconds;Deploy;00:02:05
10.CSV;fog;18;a45d362aadca;a4:5d:36:2a:ad:ca;Created by FOG Reg on January 12, 2024, 11:46 am;DebRodrigo;Not Valid;17/01/2024;07:49:33;17/01/2024;07:52:32;2 minutes 59 seconds;Deploy;00:02:06
11.CSV;fog;2;a45d362abd33;a4:5d:36:2a:bd:33;Created by FOG Reg on January 11, 2024, 11:18 am;DebRodrigo;Not Valid;17/01/2024;07:55:01;17/01/2024;07:57:52;2 minutes 51 seconds;Deploy;00:02:04
11.CSV;fog;3;a45d362a91f6;a4:5d:36:2a:91:f6;Created by FOG Reg on January 11, 2024, 11:18 am;DebRodrigo;Not Valid;17/01/2024;07:55:03;17/01/2024;07:57:54;2 minutes 51 seconds;Deploy;00:02:06
11.CSV;fog;4;a45d362aad8f;a4:5d:36:2a:ad:8f;Created by FOG Reg on January 11, 2024, 11:18 am;DebRodrigo;Not Valid;17/01/2024;07:54:59;17/01/2024;07:57:53;2 minutes 54 seconds;Deploy;00:02:05
11.CSV;fog;5;a45d362a9db8;a4:5d:36:2a:9d:b8;Created by FOG Reg on January 11, 2024, 11:19 am;DebRodrigo;Not Valid;17/01/2024;07:54:58;17/01/2024;07:57:52;2 minutes 54 seconds;Deploy;00:02:04
11.CSV;fog;7;a45d362abd2b;a4:5d:36:2a:bd:2b;Created by FOG Reg on January 11, 2024, 11:20 am;DebRodrigo;Not Valid;17/01/2024;07:55:48;17/01/2024;07:57:54;2 minutes 6 seconds;Deploy;00:02:06
11.CSV;fog;8;a45d362aed83;a4:5d:36:2a:ed:83;Created by FOG Reg on January 11, 2024, 11:20 am;DebRodrigo;Not Valid;17/01/2024;07:54:59;17/01/2024;07:57:54;2 minutes 55 seconds;Deploy;00:02:06
11.CSV;fog;9;fc15b4d90f77;fc:15:b4:d9:0f:77;Created by FOG Reg on January 11, 2024, 11:20 am;DebRodrigo;Not Valid;17/01/2024;07:55:00;17/01/2024;07:57:52;2 minutes 52 seconds;Deploy;00:02:04
11.CSV;fog;10;a45d362abd9d;a4:5d:36:2a:bd:9d;Created by FOG Reg on January 11, 2024, 11:20 am;DebRodrigo;Not Valid;17/01/2024;07:55:01;17/01/2024;07:57:52;2 minutes 51 seconds;Deploy;00:02:04
11.CSV;fog;11;a45d362a9143;a4:5d:36:2a:91:43;Created by FOG Reg on January 11, 2024, 11:20 am;DebRodrigo;Not Valid;17/01/2024;07:55:00;17/01/2024;07:57:54;2 minutes 54 seconds;Deploy;00:02:06
11.CSV;fog;12;a45d362ada99;a4:5d:36:2a:da:99;Created by FOG Reg on January 11, 2024, 11:20 am;DebRodrigo;Not Valid;17/01/2024;07:55:01;17/01/2024;07:57:54;2 minutes 53 seconds;Deploy;00:02:06
11.CSV;fog;13;a45d362aad1b;a4:5d:36:2a:ad:1b;Created by FOG Reg on January 11, 2024, 11:20 am;DebRodrigo;Not Valid;17/01/2024;07:55:06;17/01/2024;07:57:53;2 minutes 47 seconds;Deploy;00:02:05
11.CSV;fog;14;a45d362abd32;a4:5d:36:2a:bd:32;Created by FOG Reg on January 11, 2024, 11:20 am;DebRodrigo;Not Valid;17/01/2024;07:54:54;17/01/2024;07:57:54;3 minutes ;Deploy;00:02:06
11.CSV;fog;16;a45d362a9df5;a4:5d:36:2a:9d:f5;Created by FOG Reg on January 11, 2024, 11:23 am;DebRodrigo;Not Valid;17/01/2024;07:54:59;17/01/2024;07:57:53;2 minutes 54 seconds;Deploy;00:02:05
11.CSV;fog;18;a45d362aadca;a4:5d:36:2a:ad:ca;Created by FOG Reg on January 12, 2024, 11:46 am;DebRodrigo;Not Valid;17/01/2024;07:55:01;17/01/2024;07:57:54;2 minutes 53 seconds;Deploy;00:02:06
12.CSV;fog;2;a45d362abd33;a4:5d:36:2a:bd:33;Created by FOG Reg on January 11, 2024, 11:18 am;DebRodrigo;Not Valid;17/01/2024;07:59:34;17/01/2024;08:02:25;2 minutes 51 seconds;Deploy;00:02:04
12.CSV;fog;3;a45d362a91f6;a4:5d:36:2a:91:f6;Created by FOG Reg on January 11, 2024, 11:18 am;DebRodrigo;Not Valid;17/01/2024;07:59:59;17/01/2024;08:02:27;2 minutes 28 seconds;Deploy;00:02:06
12.CSV;fog;4;a45d362aad8f;a4:5d:36:2a:ad:8f;Created by FOG Reg on January 11, 2024, 11:18 am;DebRodrigo;Not Valid;17/01/2024;07:59:36;17/01/2024;08:02:25;2 minutes 49 seconds;Deploy;00:02:04
12.CSV;fog;5;a45d362a9db8;a4:5d:36:2a:9d:b8;Created by FOG Reg on January 11, 2024, 11:19 am;DebRodrigo;Not Valid;17/01/2024;07:59:33;17/01/2024;08:02:26;2 minutes 53 seconds;Deploy;00:02:05
12.CSV;fog;7;a45d362abd2b;a4:5d:36:2a:bd:2b;Created by FOG Reg on January 11, 2024, 11:20 am;DebRodrigo;Not Valid;17/01/2024;08:00:21;17/01/2024;08:02:27;2 minutes 6 seconds;Deploy;00:02:06
12.CSV;fog;8;a45d362aed83;a4:5d:36:2a:ed:83;Created by FOG Reg on January 11, 2024, 11:20 am;DebRodrigo;Not Valid;17/01/2024;07:59:32;17/01/2024;08:02:25;2 minutes 53 seconds;Deploy;00:02:04
12.CSV;fog;9;fc15b4d90f77;fc:15:b4:d9:0f:77;Created by FOG Reg on January 11, 2024, 11:20 am;DebRodrigo;Not Valid;17/01/2024;07:59:34;17/01/2024;08:02:27;2 minutes 53 seconds;Deploy;00:02:06
12.CSV;fog;10;a45d362abd9d;a4:5d:36:2a:bd:9d;Created by FOG Reg on January 11, 2024, 11:20 am;DebRodrigo;Not Valid;17/01/2024;07:59:37;17/01/2024;08:02:25;2 minutes 48 seconds;Deploy;00:02:04
12.CSV;fog;11;a45d362a9143;a4:5d:36:2a:91:43;Created by FOG Reg on January 11, 2024, 11:20 am;DebRodrigo;Not Valid;17/01/2024;07:59:35;17/01/2024;08:02:26;2 minutes 51 seconds;Deploy;00:02:05
12.CSV;fog;12;a45d362ada99;a4:5d:36:2a:da:99;Created by FOG Reg on January 11, 2024, 11:20 am;DebRodrigo;Not Valid;17/01/2024;07:59:33;17/01/2024;08:02:26;2 minutes 53 seconds;Deploy;00:02:05
12.CSV;fog;13;a45d362aad1b;a4:5d:36:2a:ad:1b;Created by FOG Reg on January 11, 2024, 11:20 am;DebRodrigo;Not Valid;17/01/2024;07:59:36;17/01/2024;08:02:26;2 minutes 50 seconds;Deploy;00:02:05
12.CSV;fog;14;a45d362abd32;a4:5d:36:2a:bd:32;Created by FOG Reg on January 11, 2024, 11:20 am;DebRodrigo;Not Valid;17/01/2024;07:59:29;17/01/2024;08:02:26;2 minutes 57 seconds;Deploy;00:02:05
12.CSV;fog;16;a45d362a9df5;a4:5d:36:2a:9d:f5;Created by FOG Reg on January 11, 2024, 11:23 am;DebRodrigo;Not Valid;17/01/2024;07:59:34;17/01/2024;08:02:27;2 minutes 53 seconds;Deploy;00:02:06
12.CSV;fog;18;a45d362aadca;a4:5d:36:2a:ad:ca;Created by FOG Reg on January 12, 2024, 11:46 am;DebRodrigo;Not Valid;17/01/2024;07:59:32;17/01/2024;08:02:26;2 minutes 54 seconds;Deploy;00:02:05
13.CSV;fog;2;a45d362abd33;a4:5d:36:2a:bd:33;Created by FOG Reg on January 11, 2024, 11:18 am;DebRodrigo;Not Valid;17/01/2024;08:04:20;17/01/2024;08:07:17;2 minutes 57 seconds;Deploy;00:02:06
13.CSV;fog;3;a45d362a91f6;a4:5d:36:2a:91:f6;Created by FOG Reg on January 11, 2024, 11:18 am;DebRodrigo;Not Valid;17/01/2024;08:04:21;17/01/2024;08:07:17;2 minutes 56 seconds;Deploy;00:02:06
13.CSV;fog;4;a45d362aad8f;a4:5d:36:2a:ad:8f;Created by FOG Reg on January 11, 2024, 11:18 am;DebRodrigo;Not Valid;17/01/2024;08:04:20;17/01/2024;08:07:17;2 minutes 57 seconds;Deploy;00:02:06
13.CSV;fog;5;a45d362a9db8;a4:5d:36:2a:9d:b8;Created by FOG Reg on January 11, 2024, 11:19 am;DebRodrigo;Not Valid;17/01/2024;08:04:20;17/01/2024;08:07:17;2 minutes 57 seconds;Deploy;00:02:06
13.CSV;fog;7;a45d362abd2b;a4:5d:36:2a:bd:2b;Created by FOG Reg on January 11, 2024, 11:20 am;DebRodrigo;Not Valid;17/01/2024;08:05:11;17/01/2024;08:07:17;2 minutes 6 seconds;Deploy;00:02:06
13.CSV;fog;8;a45d362aed83;a4:5d:36:2a:ed:83;Created by FOG Reg on January 11, 2024, 11:20 am;DebRodrigo;Not Valid;17/01/2024;08:04:20;17/01/2024;08:07:18;2 minutes 58 seconds;Deploy;00:02:07
13.CSV;fog;9;fc15b4d90f77;fc:15:b4:d9:0f:77;Created by FOG Reg on January 11, 2024, 11:20 am;DebRodrigo;Not Valid;17/01/2024;08:04:21;17/01/2024;08:07:17;2 minutes 56 seconds;Deploy;00:02:06
13.CSV;fog;10;a45d362abd9d;a4:5d:36:2a:bd:9d;Created by FOG Reg on January 11, 2024, 11:20 am;DebRodrigo;Not Valid;17/01/2024;08:04:23;17/01/2024;08:07:16;2 minutes 53 seconds;Deploy;00:02:05
13.CSV;fog;11;a45d362a9143;a4:5d:36:2a:91:43;Created by FOG Reg on January 11, 2024, 11:20 am;DebRodrigo;Not Valid;17/01/2024;08:04:22;17/01/2024;08:07:16;2 minutes 54 seconds;Deploy;00:02:05
13.CSV;fog;12;a45d362ada99;a4:5d:36:2a:da:99;Created by FOG Reg on January 11, 2024, 11:20 am;DebRodrigo;Not Valid;17/01/2024;08:04:19;17/01/2024;08:07:16;2 minutes 57 seconds;Deploy;00:02:05
13.CSV;fog;13;a45d362aad1b;a4:5d:36:2a:ad:1b;Created by FOG Reg on January 11, 2024, 11:20 am;DebRodrigo;Not Valid;17/01/2024;08:04:25;17/01/2024;08:07:16;2 minutes 51 seconds;Deploy;00:02:05
13.CSV;fog;14;a45d362abd32;a4:5d:36:2a:bd:32;Created by FOG Reg on January 11, 2024, 11:20 am;DebRodrigo;Not Valid;17/01/2024;08:04:14;17/01/2024;08:07:18;3 minutes 4 seconds;Deploy;00:02:07
13.CSV;fog;16;a45d362a9df5;a4:5d:36:2a:9d:f5;Created by FOG Reg on January 11, 2024, 11:23 am;DebRodrigo;Not Valid;17/01/2024;08:04:21;17/01/2024;08:07:18;2 minutes 57 seconds;Deploy;00:02:07
13.CSV;fog;18;a45d362aadca;a4:5d:36:2a:ad:ca;Created by FOG Reg on January 12, 2024, 11:46 am;DebRodrigo;Not Valid;17/01/2024;08:04:21;17/01/2024;08:07:18;2 minutes 57 seconds;Deploy;00:02:07
14.CSV;fog;2;a45d362abd33;a4:5d:36:2a:bd:33;Created by FOG Reg on January 11, 2024, 11:18 am;DebRodrigo;Not Valid;17/01/2024;08:09:00;17/01/2024;08:11:52;2 minutes 52 seconds;Deploy;00:02:05
14.CSV;fog;3;a45d362a91f6;a4:5d:36:2a:91:f6;Created by FOG Reg on January 11, 2024, 11:18 am;DebRodrigo;Not Valid;17/01/2024;08:08:59;17/01/2024;08:11:52;2 minutes 53 seconds;Deploy;00:02:05
14.CSV;fog;4;a45d362aad8f;a4:5d:36:2a:ad:8f;Created by FOG Reg on January 11, 2024, 11:18 am;DebRodrigo;Not Valid;17/01/2024;08:08:55;17/01/2024;08:11:52;2 minutes 57 seconds;Deploy;00:02:05
14.CSV;fog;5;a45d362a9db8;a4:5d:36:2a:9d:b8;Created by FOG Reg on January 11, 2024, 11:19 am;DebRodrigo;Not Valid;17/01/2024;08:08:57;17/01/2024;08:11:52;2 minutes 55 seconds;Deploy;00:02:05
14.CSV;fog;7;a45d362abd2b;a4:5d:36:2a:bd:2b;Created by FOG Reg on January 11, 2024, 11:20 am;DebRodrigo;Not Valid;17/01/2024;08:09:47;17/01/2024;08:11:53;2 minutes 6 seconds;Deploy;00:02:06
14.CSV;fog;8;a45d362aed83;a4:5d:36:2a:ed:83;Created by FOG Reg on January 11, 2024, 11:20 am;DebRodrigo;Not Valid;17/01/2024;08:08:57;17/01/2024;08:11:52;2 minutes 55 seconds;Deploy;00:02:05
14.CSV;fog;9;fc15b4d90f77;fc:15:b4:d9:0f:77;Created by FOG Reg on January 11, 2024, 11:20 am;DebRodrigo;Not Valid;17/01/2024;08:09:01;17/01/2024;08:11:52;2 minutes 51 seconds;Deploy;00:02:05
14.CSV;fog;10;a45d362abd9d;a4:5d:36:2a:bd:9d;Created by FOG Reg on January 11, 2024, 11:20 am;DebRodrigo;Not Valid;17/01/2024;08:08:58;17/01/2024;08:11:52;2 minutes 54 seconds;Deploy;00:02:05
14.CSV;fog;11;a45d362a9143;a4:5d:36:2a:91:43;Created by FOG Reg on January 11, 2024, 11:20 am;DebRodrigo;Not Valid;17/01/2024;08:09:01;17/01/2024;08:11:52;2 minutes 51 seconds;Deploy;00:02:05
14.CSV;fog;12;a45d362ada99;a4:5d:36:2a:da:99;Created by FOG Reg on January 11, 2024, 11:20 am;DebRodrigo;Not Valid;17/01/2024;08:08:59;17/01/2024;08:11:53;2 minutes 54 seconds;Deploy;00:02:06
14.CSV;fog;13;a45d362aad1b;a4:5d:36:2a:ad:1b;Created by FOG Reg on January 11, 2024, 11:20 am;DebRodrigo;Not Valid;17/01/2024;08:09:03;17/01/2024;08:11:53;2 minutes 50 seconds;Deploy;00:02:06
14.CSV;fog;14;a45d362abd32;a4:5d:36:2a:bd:32;Created by FOG Reg on January 11, 2024, 11:20 am;DebRodrigo;Not Valid;17/01/2024;08:08:52;17/01/2024;08:11:53;3 minutes 1 second;Deploy;00:02:06
14.CSV;fog;16;a45d362a9df5;a4:5d:36:2a:9d:f5;Created by FOG Reg on January 11, 2024, 11:23 am;DebRodrigo;Not Valid;17/01/2024;08:08:59;17/01/2024;08:11:51;2 minutes 52 seconds;Deploy;00:02:04
14.CSV;fog;18;a45d362aadca;a4:5d:36:2a:ad:ca;Created by FOG Reg on January 12, 2024, 11:46 am;DebRodrigo;Not Valid;17/01/2024;08:08:54;17/01/2024;08:11:51;2 minutes 57 seconds;Deploy;00:02:04
15.CSV;fog;2;a45d362abd33;a4:5d:36:2a:bd:33;Created by FOG Reg on January 11, 2024, 11:18 am;DebRodrigo;Not Valid;17/01/2024;08:13:36;17/01/2024;08:16:28;2 minutes 52 seconds;Deploy;00:02:04
15.CSV;fog;3;a45d362a91f6;a4:5d:36:2a:91:f6;Created by FOG Reg on January 11, 2024, 11:18 am;DebRodrigo;Not Valid;17/01/2024;08:13:35;17/01/2024;08:16:28;2 minutes 53 seconds;Deploy;00:02:04
15.CSV;fog;4;a45d362aad8f;a4:5d:36:2a:ad:8f;Created by FOG Reg on January 11, 2024, 11:18 am;DebRodrigo;Not Valid;17/01/2024;08:13:36;17/01/2024;08:16:28;2 minutes 52 seconds;Deploy;00:02:04
15.CSV;fog;5;a45d362a9db8;a4:5d:36:2a:9d:b8;Created by FOG Reg on January 11, 2024, 11:19 am;DebRodrigo;Not Valid;17/01/2024;08:13:34;17/01/2024;08:16:28;2 minutes 54 seconds;Deploy;00:02:04
15.CSV;fog;7;a45d362abd2b;a4:5d:36:2a:bd:2b;Created by FOG Reg on January 11, 2024, 11:20 am;DebRodrigo;Not Valid;17/01/2024;08:14:24;17/01/2024;08:16:28;2 minutes 4 seconds;Deploy;00:02:04
15.CSV;fog;8;a45d362aed83;a4:5d:36:2a:ed:83;Created by FOG Reg on January 11, 2024, 11:20 am;DebRodrigo;Not Valid;17/01/2024;08:13:35;17/01/2024;08:16:28;2 minutes 53 seconds;Deploy;00:02:04
15.CSV;fog;9;fc15b4d90f77;fc:15:b4:d9:0f:77;Created by FOG Reg on January 11, 2024, 11:20 am;DebRodrigo;Not Valid;17/01/2024;08:13:35;17/01/2024;08:16:27;2 minutes 52 seconds;Deploy;00:02:03
15.CSV;fog;10;a45d362abd9d;a4:5d:36:2a:bd:9d;Created by FOG Reg on January 11, 2024, 11:20 am;DebRodrigo;Not Valid;17/01/2024;08:13:38;17/01/2024;08:16:27;2 minutes 49 seconds;Deploy;00:02:03
15.CSV;fog;11;a45d362a9143;a4:5d:36:2a:91:43;Created by FOG Reg on January 11, 2024, 11:20 am;DebRodrigo;Not Valid;17/01/2024;08:13:35;17/01/2024;08:16:27;2 minutes 52 seconds;Deploy;00:02:03
15.CSV;fog;12;a45d362ada99;a4:5d:36:2a:da:99;Created by FOG Reg on January 11, 2024, 11:20 am;DebRodrigo;Not Valid;17/01/2024;08:13:36;17/01/2024;08:16:28;2 minutes 52 seconds;Deploy;00:02:04
15.CSV;fog;13;a45d362aad1b;a4:5d:36:2a:ad:1b;Created by FOG Reg on January 11, 2024, 11:20 am;DebRodrigo;Not Valid;17/01/2024;08:13:39;17/01/2024;08:16:29;2 minutes 50 seconds;Deploy;00:02:05
15.CSV;fog;14;a45d362abd32;a4:5d:36:2a:bd:32;Created by FOG Reg on January 11, 2024, 11:20 am;DebRodrigo;Not Valid;17/01/2024;08:13:29;17/01/2024;08:16:29;3 minutes ;Deploy;00:02:05
15.CSV;fog;16;a45d362a9df5;a4:5d:36:2a:9d:f5;Created by FOG Reg on January 11, 2024, 11:23 am;DebRodrigo;Not Valid;17/01/2024;08:13:35;17/01/2024;08:16:28;2 minutes 53 seconds;Deploy;00:02:04
15.CSV;fog;18;a45d362aadca;a4:5d:36:2a:ad:ca;Created by FOG Reg on January 12, 2024, 11:46 am;DebRodrigo;Not Valid;17/01/2024;08:13:34;17/01/2024;08:16:27;2 minutes 53 seconds;Deploy;00:02:03
16.CSV;fog;2;a45d362abd33;a4:5d:36:2a:bd:33;Created by FOG Reg on January 11, 2024, 11:18 am;DebRodrigo;Not Valid;17/01/2024;08:18:01;17/01/2024;08:20:58;2 minutes 57 seconds;Deploy;00:02:07
16.CSV;fog;3;a45d362a91f6;a4:5d:36:2a:91:f6;Created by FOG Reg on January 11, 2024, 11:18 am;DebRodrigo;Not Valid;17/01/2024;08:18:04;17/01/2024;08:20:58;2 minutes 54 seconds;Deploy;00:02:07
16.CSV;fog;4;a45d362aad8f;a4:5d:36:2a:ad:8f;Created by FOG Reg on January 11, 2024, 11:18 am;DebRodrigo;Not Valid;17/01/2024;08:18:03;17/01/2024;08:20:56;2 minutes 53 seconds;Deploy;00:02:05
16.CSV;fog;5;a45d362a9db8;a4:5d:36:2a:9d:b8;Created by FOG Reg on January 11, 2024, 11:19 am;DebRodrigo;Not Valid;17/01/2024;08:18:01;17/01/2024;08:20:57;2 minutes 56 seconds;Deploy;00:02:06
16.CSV;fog;7;a45d362abd2b;a4:5d:36:2a:bd:2b;Created by FOG Reg on January 11, 2024, 11:20 am;DebRodrigo;Not Valid;17/01/2024;08:18:51;17/01/2024;08:20:58;2 minutes 7 seconds;Deploy;00:02:07
16.CSV;fog;8;a45d362aed83;a4:5d:36:2a:ed:83;Created by FOG Reg on January 11, 2024, 11:20 am;DebRodrigo;Not Valid;17/01/2024;08:18:00;17/01/2024;08:20:56;2 minutes 56 seconds;Deploy;00:02:05
16.CSV;fog;9;fc15b4d90f77;fc:15:b4:d9:0f:77;Created by FOG Reg on January 11, 2024, 11:20 am;DebRodrigo;Not Valid;17/01/2024;08:18:02;17/01/2024;08:20:57;2 minutes 55 seconds;Deploy;00:02:06
16.CSV;fog;10;a45d362abd9d;a4:5d:36:2a:bd:9d;Created by FOG Reg on January 11, 2024, 11:20 am;DebRodrigo;Not Valid;17/01/2024;08:18:04;17/01/2024;08:20:57;2 minutes 53 seconds;Deploy;00:02:06
16.CSV;fog;11;a45d362a9143;a4:5d:36:2a:91:43;Created by FOG Reg on January 11, 2024, 11:20 am;DebRodrigo;Not Valid;17/01/2024;08:18:04;17/01/2024;08:20:56;2 minutes 52 seconds;Deploy;00:02:05
16.CSV;fog;12;a45d362ada99;a4:5d:36:2a:da:99;Created by FOG Reg on January 11, 2024, 11:20 am;DebRodrigo;Not Valid;17/01/2024;08:18:01;17/01/2024;08:20:59;2 minutes 58 seconds;Deploy;00:02:08
16.CSV;fog;13;a45d362aad1b;a4:5d:36:2a:ad:1b;Created by FOG Reg on January 11, 2024, 11:20 am;DebRodrigo;Not Valid;17/01/2024;08:18:05;17/01/2024;08:20:58;2 minutes 53 seconds;Deploy;00:02:07
16.CSV;fog;14;a45d362abd32;a4:5d:36:2a:bd:32;Created by FOG Reg on January 11, 2024, 11:20 am;DebRodrigo;Not Valid;17/01/2024;08:17:56;17/01/2024;08:20:56;3 minutes ;Deploy;00:02:05
16.CSV;fog;16;a45d362a9df5;a4:5d:36:2a:9d:f5;Created by FOG Reg on January 11, 2024, 11:23 am;DebRodrigo;Not Valid;17/01/2024;08:18:04;17/01/2024;08:20:57;2 minutes 53 seconds;Deploy;00:02:06
16.CSV;fog;18;a45d362aadca;a4:5d:36:2a:ad:ca;Created by FOG Reg on January 12, 2024, 11:46 am;DebRodrigo;Not Valid;17/01/2024;08:18:02;17/01/2024;08:20:56;2 minutes 54 seconds;Deploy;00:02:05
17.CSV;fog;2;a45d362abd33;a4:5d:36:2a:bd:33;Created by FOG Reg on January 11, 2024, 11:18 am;DebRodrigo;Not Valid;17/01/2024;08:22:54;17/01/2024;08:25:47;2 minutes 53 seconds;Deploy;00:02:04
17.CSV;fog;3;a45d362a91f6;a4:5d:36:2a:91:f6;Created by FOG Reg on January 11, 2024, 11:18 am;DebRodrigo;Not Valid;17/01/2024;08:22:56;17/01/2024;08:25:47;2 minutes 51 seconds;Deploy;00:02:04
17.CSV;fog;4;a45d362aad8f;a4:5d:36:2a:ad:8f;Created by FOG Reg on January 11, 2024, 11:18 am;DebRodrigo;Not Valid;17/01/2024;08:22:57;17/01/2024;08:25:47;2 minutes 50 seconds;Deploy;00:02:04
17.CSV;fog;5;a45d362a9db8;a4:5d:36:2a:9d:b8;Created by FOG Reg on January 11, 2024, 11:19 am;DebRodrigo;Not Valid;17/01/2024;08:22:54;17/01/2024;08:25:46;2 minutes 52 seconds;Deploy;00:02:03
17.CSV;fog;7;a45d362abd2b;a4:5d:36:2a:bd:2b;Created by FOG Reg on January 11, 2024, 11:20 am;DebRodrigo;Not Valid;17/01/2024;08:23:43;17/01/2024;08:25:47;2 minutes 4 seconds;Deploy;00:02:04
17.CSV;fog;8;a45d362aed83;a4:5d:36:2a:ed:83;Created by FOG Reg on January 11, 2024, 11:20 am;DebRodrigo;Not Valid;17/01/2024;08:22:53;17/01/2024;08:25:46;2 minutes 53 seconds;Deploy;00:02:03
17.CSV;fog;9;fc15b4d90f77;fc:15:b4:d9:0f:77;Created by FOG Reg on January 11, 2024, 11:20 am;DebRodrigo;Not Valid;17/01/2024;08:22:54;17/01/2024;08:25:46;2 minutes 52 seconds;Deploy;00:02:03
17.CSV;fog;10;a45d362abd9d;a4:5d:36:2a:bd:9d;Created by FOG Reg on January 11, 2024, 11:20 am;DebRodrigo;Not Valid;17/01/2024;08:22:57;17/01/2024;08:25:48;2 minutes 51 seconds;Deploy;00:02:05
17.CSV;fog;11;a45d362a9143;a4:5d:36:2a:91:43;Created by FOG Reg on January 11, 2024, 11:20 am;DebRodrigo;Not Valid;17/01/2024;08:22:57;17/01/2024;08:25:46;2 minutes 49 seconds;Deploy;00:02:03
17.CSV;fog;12;a45d362ada99;a4:5d:36:2a:da:99;Created by FOG Reg on January 11, 2024, 11:20 am;DebRodrigo;Not Valid;17/01/2024;08:22:55;17/01/2024;08:25:46;2 minutes 51 seconds;Deploy;00:02:03
17.CSV;fog;13;a45d362aad1b;a4:5d:36:2a:ad:1b;Created by FOG Reg on January 11, 2024, 11:20 am;DebRodrigo;Not Valid;17/01/2024;08:23:00;17/01/2024;08:25:46;2 minutes 46 seconds;Deploy;00:02:03
17.CSV;fog;14;a45d362abd32;a4:5d:36:2a:bd:32;Created by FOG Reg on January 11, 2024, 11:20 am;DebRodrigo;Not Valid;17/01/2024;08:22:50;17/01/2024;08:25:47;2 minutes 57 seconds;Deploy;00:02:04
17.CSV;fog;16;a45d362a9df5;a4:5d:36:2a:9d:f5;Created by FOG Reg on January 11, 2024, 11:23 am;DebRodrigo;Not Valid;17/01/2024;08:22:54;17/01/2024;08:25:46;2 minutes 52 seconds;Deploy;00:02:03
17.CSV;fog;18;a45d362aadca;a4:5d:36:2a:ad:ca;Created by FOG Reg on January 12, 2024, 11:46 am;DebRodrigo;Not Valid;17/01/2024;08:22:53;17/01/2024;08:25:46;2 minutes 53 seconds;Deploy;00:02:03
18.CSV;fog;2;a45d362abd33;a4:5d:36:2a:bd:33;Created by FOG Reg on January 11, 2024, 11:18 am;DebRodrigo;Not Valid;17/01/2024;08:27:13;17/01/2024;08:30:06;2 minutes 53 seconds;Deploy;00:02:05
18.CSV;fog;3;a45d362a91f6;a4:5d:36:2a:91:f6;Created by FOG Reg on January 11, 2024, 11:18 am;DebRodrigo;Not Valid;17/01/2024;08:27:15;17/01/2024;08:30:05;2 minutes 50 seconds;Deploy;00:02:04
18.CSV;fog;4;a45d362aad8f;a4:5d:36:2a:ad:8f;Created by FOG Reg on January 11, 2024, 11:18 am;DebRodrigo;Not Valid;17/01/2024;08:27:15;17/01/2024;08:30:05;2 minutes 50 seconds;Deploy;00:02:04
18.CSV;fog;5;a45d362a9db8;a4:5d:36:2a:9d:b8;Created by FOG Reg on January 11, 2024, 11:19 am;DebRodrigo;Not Valid;17/01/2024;08:27:12;17/01/2024;08:30:06;2 minutes 54 seconds;Deploy;00:02:05
18.CSV;fog;7;a45d362abd2b;a4:5d:36:2a:bd:2b;Created by FOG Reg on January 11, 2024, 11:20 am;DebRodrigo;Not Valid;17/01/2024;08:28:01;17/01/2024;08:30:05;2 minutes 4 seconds;Deploy;00:02:04
18.CSV;fog;8;a45d362aed83;a4:5d:36:2a:ed:83;Created by FOG Reg on January 11, 2024, 11:20 am;DebRodrigo;Not Valid;17/01/2024;08:27:13;17/01/2024;08:30:06;2 minutes 53 seconds;Deploy;00:02:05
18.CSV;fog;9;fc15b4d90f77;fc:15:b4:d9:0f:77;Created by FOG Reg on January 11, 2024, 11:20 am;DebRodrigo;Not Valid;17/01/2024;08:27:12;17/01/2024;08:30:04;2 minutes 52 seconds;Deploy;00:02:03
18.CSV;fog;10;a45d362abd9d;a4:5d:36:2a:bd:9d;Created by FOG Reg on January 11, 2024, 11:20 am;DebRodrigo;Not Valid;17/01/2024;08:27:15;17/01/2024;08:30:07;2 minutes 52 seconds;Deploy;00:02:06
18.CSV;fog;11;a45d362a9143;a4:5d:36:2a:91:43;Created by FOG Reg on January 11, 2024, 11:20 am;DebRodrigo;Not Valid;17/01/2024;08:27:15;17/01/2024;08:30:05;2 minutes 50 seconds;Deploy;00:02:04
18.CSV;fog;12;a45d362ada99;a4:5d:36:2a:da:99;Created by FOG Reg on January 11, 2024, 11:20 am;DebRodrigo;Not Valid;17/01/2024;08:27:12;17/01/2024;08:30:06;2 minutes 54 seconds;Deploy;00:02:05
18.CSV;fog;13;a45d362aad1b;a4:5d:36:2a:ad:1b;Created by FOG Reg on January 11, 2024, 11:20 am;DebRodrigo;Not Valid;17/01/2024;08:27:15;17/01/2024;08:30:05;2 minutes 50 seconds;Deploy;00:02:04
18.CSV;fog;14;a45d362abd32;a4:5d:36:2a:bd:32;Created by FOG Reg on January 11, 2024, 11:20 am;DebRodrigo;Not Valid;17/01/2024;08:27:07;17/01/2024;08:30:05;2 minutes 58 seconds;Deploy;00:02:04
18.CSV;fog;16;a45d362a9df5;a4:5d:36:2a:9d:f5;Created by FOG Reg on January 11, 2024, 11:23 am;DebRodrigo;Not Valid;17/01/2024;08:27:13;17/01/2024;08:30:05;2 minutes 52 seconds;Deploy;00:02:04
18.CSV;fog;18;a45d362aadca;a4:5d:36:2a:ad:ca;Created by FOG Reg on January 12, 2024, 11:46 am;DebRodrigo;Not Valid;17/01/2024;08:27:13;17/01/2024;08:30:05;2 minutes 52 seconds;Deploy;00:02:04
19.CSV;fog;2;a45d362abd33;a4:5d:36:2a:bd:33;Created by FOG Reg on January 11, 2024, 11:18 am;DebRodrigo;Not Valid;17/01/2024;08:32:05;17/01/2024;08:34:56;2 minutes 51 seconds;Deploy;00:02:04
19.CSV;fog;3;a45d362a91f6;a4:5d:36:2a:91:f6;Created by FOG Reg on January 11, 2024, 11:18 am;DebRodrigo;Not Valid;17/01/2024;08:32:06;17/01/2024;08:34:57;2 minutes 51 seconds;Deploy;00:02:05
19.CSV;fog;4;a45d362aad8f;a4:5d:36:2a:ad:8f;Created by FOG Reg on January 11, 2024, 11:18 am;DebRodrigo;Not Valid;17/01/2024;08:32:04;17/01/2024;08:34:57;2 minutes 53 seconds;Deploy;00:02:05
19.CSV;fog;5;a45d362a9db8;a4:5d:36:2a:9d:b8;Created by FOG Reg on January 11, 2024, 11:19 am;DebRodrigo;Not Valid;17/01/2024;08:32:02;17/01/2024;08:34:58;2 minutes 56 seconds;Deploy;00:02:06
19.CSV;fog;7;a45d362abd2b;a4:5d:36:2a:bd:2b;Created by FOG Reg on January 11, 2024, 11:20 am;DebRodrigo;Not Valid;17/01/2024;08:32:52;17/01/2024;08:34:57;2 minutes 5 seconds;Deploy;00:02:05
19.CSV;fog;8;a45d362aed83;a4:5d:36:2a:ed:83;Created by FOG Reg on January 11, 2024, 11:20 am;DebRodrigo;Not Valid;17/01/2024;08:31:58;17/01/2024;08:34:57;2 minutes 59 seconds;Deploy;00:02:05
19.CSV;fog;9;fc15b4d90f77;fc:15:b4:d9:0f:77;Created by FOG Reg on January 11, 2024, 11:20 am;DebRodrigo;Not Valid;17/01/2024;08:32:02;17/01/2024;08:34:59;2 minutes 57 seconds;Deploy;00:02:07
19.CSV;fog;10;a45d362abd9d;a4:5d:36:2a:bd:9d;Created by FOG Reg on January 11, 2024, 11:20 am;DebRodrigo;Not Valid;17/01/2024;08:32:06;17/01/2024;08:34:59;2 minutes 53 seconds;Deploy;00:02:07
19.CSV;fog;11;a45d362a9143;a4:5d:36:2a:91:43;Created by FOG Reg on January 11, 2024, 11:20 am;DebRodrigo;Not Valid;17/01/2024;08:32:01;17/01/2024;08:34:56;2 minutes 55 seconds;Deploy;00:02:04
19.CSV;fog;12;a45d362ada99;a4:5d:36:2a:da:99;Created by FOG Reg on January 11, 2024, 11:20 am;DebRodrigo;Not Valid;17/01/2024;08:32:05;17/01/2024;08:34:57;2 minutes 52 seconds;Deploy;00:02:05
19.CSV;fog;13;a45d362aad1b;a4:5d:36:2a:ad:1b;Created by FOG Reg on January 11, 2024, 11:20 am;DebRodrigo;Not Valid;17/01/2024;08:32:05;17/01/2024;08:34:58;2 minutes 53 seconds;Deploy;00:02:06
19.CSV;fog;14;a45d362abd32;a4:5d:36:2a:bd:32;Created by FOG Reg on January 11, 2024, 11:20 am;DebRodrigo;Not Valid;17/01/2024;08:31:57;17/01/2024;08:34:57;3 minutes ;Deploy;00:02:05
19.CSV;fog;16;a45d362a9df5;a4:5d:36:2a:9d:f5;Created by FOG Reg on January 11, 2024, 11:23 am;DebRodrigo;Not Valid;17/01/2024;08:32:04;17/01/2024;08:34:58;2 minutes 54 seconds;Deploy;00:02:06
19.CSV;fog;18;a45d362aadca;a4:5d:36:2a:ad:ca;Created by FOG Reg on January 12, 2024, 11:46 am;DebRodrigo;Not Valid;17/01/2024;08:32:02;17/01/2024;08:34:58;2 minutes 56 seconds;Deploy;00:02:06
2.CSV;fog;2;a45d362abd33;a4:5d:36:2a:bd:33;Created by FOG Reg on January 11, 2024, 11:18 am;DebRodrigo;Not Valid;17/01/2024;06:59:35;17/01/2024;07:02:33;2 minutes 58 seconds;Deploy;00:02:03
2.CSV;fog;3;a45d362a91f6;a4:5d:36:2a:91:f6;Created by FOG Reg on January 11, 2024, 11:18 am;DebRodrigo;Not Valid;17/01/2024;06:59:41;17/01/2024;07:02:34;2 minutes 53 seconds;Deploy;00:02:04
2.CSV;fog;4;a45d362aad8f;a4:5d:36:2a:ad:8f;Created by FOG Reg on January 11, 2024, 11:18 am;DebRodrigo;Not Valid;17/01/2024;06:59:33;17/01/2024;07:02:34;3 minutes 1 second;Deploy;00:02:04
2.CSV;fog;5;a45d362a9db8;a4:5d:36:2a:9d:b8;Created by FOG Reg on January 11, 2024, 11:19 am;DebRodrigo;Not Valid;17/01/2024;06:59:31;17/01/2024;07:02:33;3 minutes 2 seconds;Deploy;00:02:03
2.CSV;fog;7;a45d362abd2b;a4:5d:36:2a:bd:2b;Created by FOG Reg on January 11, 2024, 11:20 am;DebRodrigo;Not Valid;17/01/2024;07:00:30;17/01/2024;07:02:33;2 minutes 3 seconds;Deploy;00:02:03
2.CSV;fog;8;a45d362aed83;a4:5d:36:2a:ed:83;Created by FOG Reg on January 11, 2024, 11:20 am;DebRodrigo;Not Valid;17/01/2024;06:59:34;17/01/2024;07:02:34;3 minutes ;Deploy;00:02:04
2.CSV;fog;9;fc15b4d90f77;fc:15:b4:d9:0f:77;Created by FOG Reg on January 11, 2024, 11:20 am;DebRodrigo;Not Valid;17/01/2024;06:59:37;17/01/2024;07:02:33;2 minutes 56 seconds;Deploy;00:02:03
2.CSV;fog;10;a45d362abd9d;a4:5d:36:2a:bd:9d;Created by FOG Reg on January 11, 2024, 11:20 am;DebRodrigo;Not Valid;17/01/2024;06:59:37;17/01/2024;07:02:34;2 minutes 57 seconds;Deploy;00:02:04
2.CSV;fog;11;a45d362a9143;a4:5d:36:2a:91:43;Created by FOG Reg on January 11, 2024, 11:20 am;DebRodrigo;Not Valid;17/01/2024;06:59:35;17/01/2024;07:02:33;2 minutes 58 seconds;Deploy;00:02:03
2.CSV;fog;12;a45d362ada99;a4:5d:36:2a:da:99;Created by FOG Reg on January 11, 2024, 11:20 am;DebRodrigo;Not Valid;17/01/2024;06:59:36;17/01/2024;07:02:34;2 minutes 58 seconds;Deploy;00:02:04
2.CSV;fog;13;a45d362aad1b;a4:5d:36:2a:ad:1b;Created by FOG Reg on January 11, 2024, 11:20 am;DebRodrigo;Not Valid;17/01/2024;06:59:39;17/01/2024;07:02:35;2 minutes 56 seconds;Deploy;00:02:05
2.CSV;fog;14;a45d362abd32;a4:5d:36:2a:bd:32;Created by FOG Reg on January 11, 2024, 11:20 am;DebRodrigo;Not Valid;17/01/2024;06:59:29;17/01/2024;07:02:35;3 minutes 6 seconds;Deploy;00:02:05
2.CSV;fog;16;a45d362a9df5;a4:5d:36:2a:9d:f5;Created by FOG Reg on January 11, 2024, 11:23 am;DebRodrigo;Not Valid;17/01/2024;06:59:36;17/01/2024;07:02:34;2 minutes 58 seconds;Deploy;00:02:04
2.CSV;fog;18;a45d362aadca;a4:5d:36:2a:ad:ca;Created by FOG Reg on January 12, 2024, 11:46 am;DebRodrigo;Not Valid;17/01/2024;06:59:35;17/01/2024;07:02:34;2 minutes 59 seconds;Deploy;00:02:04
20.csv;fog;2;a45d362abd33;a4:5d:36:2a:bd:33;Created by FOG Reg on January 11, 2024, 11:18 am;DebRodrigo;Not Valid;17/01/2024;08:36:32;17/01/2024;08:39:31;2 minutes 59 seconds;Deploy;00:02:04
20.csv;fog;3;a45d362a91f6;a4:5d:36:2a:91:f6;Created by FOG Reg on January 11, 2024, 11:18 am;DebRodrigo;Not Valid;17/01/2024;08:36:30;17/01/2024;08:39:32;3 minutes 2 seconds;Deploy;00:02:05
20.csv;fog;4;a45d362aad8f;a4:5d:36:2a:ad:8f;Created by FOG Reg on January 11, 2024, 11:18 am;DebRodrigo;Not Valid;17/01/2024;08:36:31;17/01/2024;08:39:31;3 minutes ;Deploy;00:02:04
20.csv;fog;5;a45d362a9db8;a4:5d:36:2a:9d:b8;Created by FOG Reg on January 11, 2024, 11:19 am;DebRodrigo;Not Valid;17/01/2024;08:36:32;17/01/2024;08:39:30;2 minutes 58 seconds;Deploy;00:02:03
20.csv;fog;7;a45d362abd2b;a4:5d:36:2a:bd:2b;Created by FOG Reg on January 11, 2024, 11:20 am;DebRodrigo;Not Valid;17/01/2024;08:37:27;17/01/2024;08:39:33;2 minutes 6 seconds;Deploy;00:02:06
20.csv;fog;8;a45d362aed83;a4:5d:36:2a:ed:83;Created by FOG Reg on January 11, 2024, 11:20 am;DebRodrigo;Not Valid;17/01/2024;08:36:39;17/01/2024;08:39:30;2 minutes 51 seconds;Deploy;00:02:03
20.csv;fog;9;fc15b4d90f77;fc:15:b4:d9:0f:77;Created by FOG Reg on January 11, 2024, 11:20 am;DebRodrigo;Not Valid;17/01/2024;08:36:33;17/01/2024;08:39:31;2 minutes 58 seconds;Deploy;00:02:04
20.csv;fog;10;a45d362abd9d;a4:5d:36:2a:bd:9d;Created by FOG Reg on January 11, 2024, 11:20 am;DebRodrigo;Not Valid;17/01/2024;08:36:34;17/01/2024;08:39:31;2 minutes 57 seconds;Deploy;00:02:04
20.csv;fog;11;a45d362a9143;a4:5d:36:2a:91:43;Created by FOG Reg on January 11, 2024, 11:20 am;DebRodrigo;Not Valid;17/01/2024;08:36:35;17/01/2024;08:39:31;2 minutes 56 seconds;Deploy;00:02:04
20.csv;fog;12;a45d362ada99;a4:5d:36:2a:da:99;Created by FOG Reg on January 11, 2024, 11:20 am;DebRodrigo;Not Valid;17/01/2024;08:36:35;17/01/2024;08:39:32;2 minutes 57 seconds;Deploy;00:02:05
20.csv;fog;13;a45d362aad1b;a4:5d:36:2a:ad:1b;Created by FOG Reg on January 11, 2024, 11:20 am;DebRodrigo;Not Valid;17/01/2024;08:36:35;17/01/2024;08:39:31;2 minutes 56 seconds;Deploy;00:02:04
20.csv;fog;14;a45d362abd32;a4:5d:36:2a:bd:32;Created by FOG Reg on January 11, 2024, 11:20 am;DebRodrigo;Not Valid;17/01/2024;08:36:26;17/01/2024;08:39:32;3 minutes 6 seconds;Deploy;00:02:05
20.csv;fog;16;a45d362a9df5;a4:5d:36:2a:9d:f5;Created by FOG Reg on January 11, 2024, 11:23 am;DebRodrigo;Not Valid;17/01/2024;08:36:34;17/01/2024;08:39:33;2 minutes 59 seconds;Deploy;00:02:06
20.csv;fog;18;a45d362aadca;a4:5d:36:2a:ad:ca;Created by FOG Reg on January 12, 2024, 11:46 am;DebRodrigo;Not Valid;17/01/2024;08:36:31;17/01/2024;08:39:30;2 minutes 59 seconds;Deploy;00:02:03
21.csv;fog;2;a45d362abd33;a4:5d:36:2a:bd:33;Created by FOG Reg on January 11, 2024, 11:18 am;DebRodrigo;Not Valid;17/01/2024;08:41:08;17/01/2024;08:44:03;2 minutes 55 seconds;Deploy;00:02:05
21.csv;fog;3;a45d362a91f6;a4:5d:36:2a:91:f6;Created by FOG Reg on January 11, 2024, 11:18 am;DebRodrigo;Not Valid;17/01/2024;08:41:09;17/01/2024;08:44:03;2 minutes 54 seconds;Deploy;00:02:05
21.csv;fog;4;a45d362aad8f;a4:5d:36:2a:ad:8f;Created by FOG Reg on January 11, 2024, 11:18 am;DebRodrigo;Not Valid;17/01/2024;08:41:07;17/01/2024;08:44:02;2 minutes 55 seconds;Deploy;00:02:04
21.csv;fog;5;a45d362a9db8;a4:5d:36:2a:9d:b8;Created by FOG Reg on January 11, 2024, 11:19 am;DebRodrigo;Not Valid;17/01/2024;08:41:07;17/01/2024;08:44:03;2 minutes 56 seconds;Deploy;00:02:05
21.csv;fog;7;a45d362abd2b;a4:5d:36:2a:bd:2b;Created by FOG Reg on January 11, 2024, 11:20 am;DebRodrigo;Not Valid;17/01/2024;08:41:58;17/01/2024;08:44:02;2 minutes 4 seconds;Deploy;00:02:04
21.csv;fog;8;a45d362aed83;a4:5d:36:2a:ed:83;Created by FOG Reg on January 11, 2024, 11:20 am;DebRodrigo;Not Valid;17/01/2024;08:41:04;17/01/2024;08:44:04;3 minutes ;Deploy;00:02:06
21.csv;fog;9;fc15b4d90f77;fc:15:b4:d9:0f:77;Created by FOG Reg on January 11, 2024, 11:20 am;DebRodrigo;Not Valid;17/01/2024;08:41:06;17/01/2024;08:44:03;2 minutes 57 seconds;Deploy;00:02:05
21.csv;fog;10;a45d362abd9d;a4:5d:36:2a:bd:9d;Created by FOG Reg on January 11, 2024, 11:20 am;DebRodrigo;Not Valid;17/01/2024;08:41:11;17/01/2024;08:44:02;2 minutes 51 seconds;Deploy;00:02:04
21.csv;fog;11;a45d362a9143;a4:5d:36:2a:91:43;Created by FOG Reg on January 11, 2024, 11:20 am;DebRodrigo;Not Valid;17/01/2024;08:41:08;17/01/2024;08:44:03;2 minutes 55 seconds;Deploy;00:02:05
21.csv;fog;12;a45d362ada99;a4:5d:36:2a:da:99;Created by FOG Reg on January 11, 2024, 11:20 am;DebRodrigo;Not Valid;17/01/2024;08:41:09;17/01/2024;08:44:02;2 minutes 53 seconds;Deploy;00:02:04
21.csv;fog;13;a45d362aad1b;a4:5d:36:2a:ad:1b;Created by FOG Reg on January 11, 2024, 11:20 am;DebRodrigo;Not Valid;17/01/2024;08:41:12;17/01/2024;08:44:03;2 minutes 51 seconds;Deploy;00:02:05
21.csv;fog;14;a45d362abd32;a4:5d:36:2a:bd:32;Created by FOG Reg on January 11, 2024, 11:20 am;DebRodrigo;Not Valid;17/01/2024;08:41:01;17/01/2024;08:44:02;3 minutes 1 second;Deploy;00:02:04
21.csv;fog;16;a45d362a9df5;a4:5d:36:2a:9d:f5;Created by FOG Reg on January 11, 2024, 11:23 am;DebRodrigo;Not Valid;17/01/2024;08:41:10;17/01/2024;08:44:04;2 minutes 54 seconds;Deploy;00:02:06
21.csv;fog;18;a45d362aadca;a4:5d:36:2a:ad:ca;Created by FOG Reg on January 12, 2024, 11:46 am;DebRodrigo;Not Valid;17/01/2024;08:41:06;17/01/2024;08:44:03;2 minutes 57 seconds;Deploy;00:02:05
22.csv;fog;2;a45d362abd33;a4:5d:36:2a:bd:33;Created by FOG Reg on January 11, 2024, 11:18 am;DebRodrigo;Not Valid;17/01/2024;08:45:37;17/01/2024;08:48:31;2 minutes 54 seconds;Deploy;00:02:05
22.csv;fog;3;a45d362a91f6;a4:5d:36:2a:91:f6;Created by FOG Reg on January 11, 2024, 11:18 am;DebRodrigo;Not Valid;17/01/2024;08:45:37;17/01/2024;08:48:30;2 minutes 53 seconds;Deploy;00:02:04
22.csv;fog;4;a45d362aad8f;a4:5d:36:2a:ad:8f;Created by FOG Reg on January 11, 2024, 11:18 am;DebRodrigo;Not Valid;17/01/2024;08:45:36;17/01/2024;08:48:30;2 minutes 54 seconds;Deploy;00:02:04
22.csv;fog;5;a45d362a9db8;a4:5d:36:2a:9d:b8;Created by FOG Reg on January 11, 2024, 11:19 am;DebRodrigo;Not Valid;17/01/2024;08:45:36;17/01/2024;08:48:30;2 minutes 54 seconds;Deploy;00:02:04
22.csv;fog;7;a45d362abd2b;a4:5d:36:2a:bd:2b;Created by FOG Reg on January 11, 2024, 11:20 am;DebRodrigo;Not Valid;17/01/2024;08:46:26;17/01/2024;08:48:31;2 minutes 5 seconds;Deploy;00:02:05
22.csv;fog;8;a45d362aed83;a4:5d:36:2a:ed:83;Created by FOG Reg on January 11, 2024, 11:20 am;DebRodrigo;Not Valid;17/01/2024;08:45:36;17/01/2024;08:48:30;2 minutes 54 seconds;Deploy;00:02:04
22.csv;fog;9;fc15b4d90f77;fc:15:b4:d9:0f:77;Created by FOG Reg on January 11, 2024, 11:20 am;DebRodrigo;Not Valid;17/01/2024;08:45:39;17/01/2024;08:48:31;2 minutes 52 seconds;Deploy;00:02:05
22.csv;fog;10;a45d362abd9d;a4:5d:36:2a:bd:9d;Created by FOG Reg on January 11, 2024, 11:20 am;DebRodrigo;Not Valid;17/01/2024;08:45:39;17/01/2024;08:48:30;2 minutes 51 seconds;Deploy;00:02:04
22.csv;fog;11;a45d362a9143;a4:5d:36:2a:91:43;Created by FOG Reg on January 11, 2024, 11:20 am;DebRodrigo;Not Valid;17/01/2024;08:45:36;17/01/2024;08:48:30;2 minutes 54 seconds;Deploy;00:02:04
22.csv;fog;12;a45d362ada99;a4:5d:36:2a:da:99;Created by FOG Reg on January 11, 2024, 11:20 am;DebRodrigo;Not Valid;17/01/2024;08:45:38;17/01/2024;08:48:30;2 minutes 52 seconds;Deploy;00:02:04
22.csv;fog;13;a45d362aad1b;a4:5d:36:2a:ad:1b;Created by FOG Reg on January 11, 2024, 11:20 am;DebRodrigo;Not Valid;17/01/2024;08:45:39;17/01/2024;08:48:29;2 minutes 50 seconds;Deploy;00:02:03
22.csv;fog;14;a45d362abd32;a4:5d:36:2a:bd:32;Created by FOG Reg on January 11, 2024, 11:20 am;DebRodrigo;Not Valid;17/01/2024;08:45:31;17/01/2024;08:48:30;2 minutes 59 seconds;Deploy;00:02:04
22.csv;fog;16;a45d362a9df5;a4:5d:36:2a:9d:f5;Created by FOG Reg on January 11, 2024, 11:23 am;DebRodrigo;Not Valid;17/01/2024;08:45:36;17/01/2024;08:48:29;2 minutes 53 seconds;Deploy;00:02:03
22.csv;fog;18;a45d362aadca;a4:5d:36:2a:ad:ca;Created by FOG Reg on January 12, 2024, 11:46 am;DebRodrigo;Not Valid;17/01/2024;08:45:38;17/01/2024;08:48:29;2 minutes 51 seconds;Deploy;00:02:03
23.csv;fog;2;a45d362abd33;a4:5d:36:2a:bd:33;Created by FOG Reg on January 11, 2024, 11:18 am;DebRodrigo;Not Valid;17/01/2024;08:50:02;17/01/2024;08:52:54;2 minutes 52 seconds;Deploy;00:02:04
23.csv;fog;3;a45d362a91f6;a4:5d:36:2a:91:f6;Created by FOG Reg on January 11, 2024, 11:18 am;DebRodrigo;Not Valid;17/01/2024;08:50:01;17/01/2024;08:52:54;2 minutes 53 seconds;Deploy;00:02:04
23.csv;fog;4;a45d362aad8f;a4:5d:36:2a:ad:8f;Created by FOG Reg on January 11, 2024, 11:18 am;DebRodrigo;Not Valid;17/01/2024;08:50:00;17/01/2024;08:52:54;2 minutes 54 seconds;Deploy;00:02:04
23.csv;fog;5;a45d362a9db8;a4:5d:36:2a:9d:b8;Created by FOG Reg on January 11, 2024, 11:19 am;DebRodrigo;Not Valid;17/01/2024;08:50:01;17/01/2024;08:52:54;2 minutes 53 seconds;Deploy;00:02:04
23.csv;fog;7;a45d362abd2b;a4:5d:36:2a:bd:2b;Created by FOG Reg on January 11, 2024, 11:20 am;DebRodrigo;Not Valid;17/01/2024;08:50:50;17/01/2024;08:52:53;2 minutes 3 seconds;Deploy;00:02:03
23.csv;fog;8;a45d362aed83;a4:5d:36:2a:ed:83;Created by FOG Reg on January 11, 2024, 11:20 am;DebRodrigo;Not Valid;17/01/2024;08:50:00;17/01/2024;08:52:52;2 minutes 52 seconds;Deploy;00:02:02
23.csv;fog;9;fc15b4d90f77;fc:15:b4:d9:0f:77;Created by FOG Reg on January 11, 2024, 11:20 am;DebRodrigo;Not Valid;17/01/2024;08:50:01;17/01/2024;08:52:55;2 minutes 54 seconds;Deploy;00:02:05
23.csv;fog;10;a45d362abd9d;a4:5d:36:2a:bd:9d;Created by FOG Reg on January 11, 2024, 11:20 am;DebRodrigo;Not Valid;17/01/2024;08:50:03;17/01/2024;08:52:54;2 minutes 51 seconds;Deploy;00:02:04
23.csv;fog;11;a45d362a9143;a4:5d:36:2a:91:43;Created by FOG Reg on January 11, 2024, 11:20 am;DebRodrigo;Not Valid;17/01/2024;08:49:59;17/01/2024;08:52:54;2 minutes 55 seconds;Deploy;00:02:04
23.csv;fog;12;a45d362ada99;a4:5d:36:2a:da:99;Created by FOG Reg on January 11, 2024, 11:20 am;DebRodrigo;Not Valid;17/01/2024;08:50:02;17/01/2024;08:52:55;2 minutes 53 seconds;Deploy;00:02:05
23.csv;fog;13;a45d362aad1b;a4:5d:36:2a:ad:1b;Created by FOG Reg on January 11, 2024, 11:20 am;DebRodrigo;Not Valid;17/01/2024;08:50:05;17/01/2024;08:52:54;2 minutes 49 seconds;Deploy;00:02:04
23.csv;fog;14;a45d362abd32;a4:5d:36:2a:bd:32;Created by FOG Reg on January 11, 2024, 11:20 am;DebRodrigo;Not Valid;17/01/2024;08:49:56;17/01/2024;08:52:54;2 minutes 58 seconds;Deploy;00:02:04
23.csv;fog;16;a45d362a9df5;a4:5d:36:2a:9d:f5;Created by FOG Reg on January 11, 2024, 11:23 am;DebRodrigo;Not Valid;17/01/2024;08:50:04;17/01/2024;08:52:55;2 minutes 51 seconds;Deploy;00:02:05
23.csv;fog;18;a45d362aadca;a4:5d:36:2a:ad:ca;Created by FOG Reg on January 12, 2024, 11:46 am;DebRodrigo;Not Valid;17/01/2024;08:50:03;17/01/2024;08:52:54;2 minutes 51 seconds;Deploy;00:02:04
24.csv;fog;2;a45d362abd33;a4:5d:36:2a:bd:33;Created by FOG Reg on January 11, 2024, 11:18 am;DebRodrigo;Not Valid;17/01/2024;08:54:30;17/01/2024;08:57:20;2 minutes 50 seconds;Deploy;00:02:05
24.csv;fog;3;a45d362a91f6;a4:5d:36:2a:91:f6;Created by FOG Reg on January 11, 2024, 11:18 am;DebRodrigo;Not Valid;17/01/2024;08:54:28;17/01/2024;08:57:20;2 minutes 52 seconds;Deploy;00:02:05
24.csv;fog;4;a45d362aad8f;a4:5d:36:2a:ad:8f;Created by FOG Reg on January 11, 2024, 11:18 am;DebRodrigo;Not Valid;17/01/2024;08:54:29;17/01/2024;08:57:19;2 minutes 50 seconds;Deploy;00:02:04
24.csv;fog;5;a45d362a9db8;a4:5d:36:2a:9d:b8;Created by FOG Reg on January 11, 2024, 11:19 am;DebRodrigo;Not Valid;17/01/2024;08:54:26;17/01/2024;08:57:19;2 minutes 53 seconds;Deploy;00:02:04
24.csv;fog;7;a45d362abd2b;a4:5d:36:2a:bd:2b;Created by FOG Reg on January 11, 2024, 11:20 am;DebRodrigo;Not Valid;17/01/2024;08:55:15;17/01/2024;08:57:19;2 minutes 4 seconds;Deploy;00:02:04
24.csv;fog;8;a45d362aed83;a4:5d:36:2a:ed:83;Created by FOG Reg on January 11, 2024, 11:20 am;DebRodrigo;Not Valid;17/01/2024;08:54:27;17/01/2024;08:57:20;2 minutes 53 seconds;Deploy;00:02:05
24.csv;fog;9;fc15b4d90f77;fc:15:b4:d9:0f:77;Created by FOG Reg on January 11, 2024, 11:20 am;DebRodrigo;Not Valid;17/01/2024;08:54:28;17/01/2024;08:57:20;2 minutes 52 seconds;Deploy;00:02:05
24.csv;fog;10;a45d362abd9d;a4:5d:36:2a:bd:9d;Created by FOG Reg on January 11, 2024, 11:20 am;DebRodrigo;Not Valid;17/01/2024;08:54:32;17/01/2024;08:57:20;2 minutes 48 seconds;Deploy;00:02:05
24.csv;fog;11;a45d362a9143;a4:5d:36:2a:91:43;Created by FOG Reg on January 11, 2024, 11:20 am;DebRodrigo;Not Valid;17/01/2024;08:54:26;17/01/2024;08:57:19;2 minutes 53 seconds;Deploy;00:02:04
24.csv;fog;12;a45d362ada99;a4:5d:36:2a:da:99;Created by FOG Reg on January 11, 2024, 11:20 am;DebRodrigo;Not Valid;17/01/2024;08:54:28;17/01/2024;08:57:21;2 minutes 53 seconds;Deploy;00:02:06
24.csv;fog;13;a45d362aad1b;a4:5d:36:2a:ad:1b;Created by FOG Reg on January 11, 2024, 11:20 am;DebRodrigo;Not Valid;17/01/2024;08:54:32;17/01/2024;08:57:20;2 minutes 48 seconds;Deploy;00:02:05
24.csv;fog;14;a45d362abd32;a4:5d:36:2a:bd:32;Created by FOG Reg on January 11, 2024, 11:20 am;DebRodrigo;Not Valid;17/01/2024;08:54:22;17/01/2024;08:57:21;2 minutes 59 seconds;Deploy;00:02:06
24.csv;fog;16;a45d362a9df5;a4:5d:36:2a:9d:f5;Created by FOG Reg on January 11, 2024, 11:23 am;DebRodrigo;Not Valid;17/01/2024;08:54:30;17/01/2024;08:57:19;2 minutes 49 seconds;Deploy;00:02:04
24.csv;fog;18;a45d362aadca;a4:5d:36:2a:ad:ca;Created by FOG Reg on January 12, 2024, 11:46 am;DebRodrigo;Not Valid;17/01/2024;08:54:25;17/01/2024;08:57:20;2 minutes 55 seconds;Deploy;00:02:05
25.csv;fog;2;a45d362abd33;a4:5d:36:2a:bd:33;Created by FOG Reg on January 11, 2024, 11:18 am;DebRodrigo;Not Valid;17/01/2024;09:00:52;17/01/2024;09:03:44;2 minutes 52 seconds;Deploy;00:02:04
25.csv;fog;3;a45d362a91f6;a4:5d:36:2a:91:f6;Created by FOG Reg on January 11, 2024, 11:18 am;DebRodrigo;Not Valid;17/01/2024;09:00:51;17/01/2024;09:03:45;2 minutes 54 seconds;Deploy;00:02:05
25.csv;fog;4;a45d362aad8f;a4:5d:36:2a:ad:8f;Created by FOG Reg on January 11, 2024, 11:18 am;DebRodrigo;Not Valid;17/01/2024;09:00:47;17/01/2024;09:03:44;2 minutes 57 seconds;Deploy;00:02:04
25.csv;fog;5;a45d362a9db8;a4:5d:36:2a:9d:b8;Created by FOG Reg on January 11, 2024, 11:19 am;DebRodrigo;Not Valid;17/01/2024;09:00:52;17/01/2024;09:03:43;2 minutes 51 seconds;Deploy;00:02:03
25.csv;fog;7;a45d362abd2b;a4:5d:36:2a:bd:2b;Created by FOG Reg on January 11, 2024, 11:20 am;DebRodrigo;Not Valid;17/01/2024;09:01:40;17/01/2024;09:03:44;2 minutes 4 seconds;Deploy;00:02:04
25.csv;fog;8;a45d362aed83;a4:5d:36:2a:ed:83;Created by FOG Reg on January 11, 2024, 11:20 am;DebRodrigo;Not Valid;17/01/2024;09:00:50;17/01/2024;09:03:45;2 minutes 55 seconds;Deploy;00:02:05
25.csv;fog;9;fc15b4d90f77;fc:15:b4:d9:0f:77;Created by FOG Reg on January 11, 2024, 11:20 am;DebRodrigo;Not Valid;17/01/2024;09:00:52;17/01/2024;09:03:44;2 minutes 52 seconds;Deploy;00:02:04
25.csv;fog;10;a45d362abd9d;a4:5d:36:2a:bd:9d;Created by FOG Reg on January 11, 2024, 11:20 am;DebRodrigo;Not Valid;17/01/2024;09:00:53;17/01/2024;09:03:44;2 minutes 51 seconds;Deploy;00:02:04
25.csv;fog;11;a45d362a9143;a4:5d:36:2a:91:43;Created by FOG Reg on January 11, 2024, 11:20 am;DebRodrigo;Not Valid;17/01/2024;09:00:53;17/01/2024;09:03:44;2 minutes 51 seconds;Deploy;00:02:04
25.csv;fog;12;a45d362ada99;a4:5d:36:2a:da:99;Created by FOG Reg on January 11, 2024, 11:20 am;DebRodrigo;Not Valid;17/01/2024;09:00:53;17/01/2024;09:03:43;2 minutes 50 seconds;Deploy;00:02:03
25.csv;fog;13;a45d362aad1b;a4:5d:36:2a:ad:1b;Created by FOG Reg on January 11, 2024, 11:20 am;DebRodrigo;Not Valid;17/01/2024;09:00:54;17/01/2024;09:03:44;2 minutes 50 seconds;Deploy;00:02:04
25.csv;fog;14;a45d362abd32;a4:5d:36:2a:bd:32;Created by FOG Reg on January 11, 2024, 11:20 am;DebRodrigo;Not Valid;17/01/2024;09:00:45;17/01/2024;09:03:45;3 minutes ;Deploy;00:02:05
25.csv;fog;16;a45d362a9df5;a4:5d:36:2a:9d:f5;Created by FOG Reg on January 11, 2024, 11:23 am;DebRodrigo;Not Valid;17/01/2024;09:00:53;17/01/2024;09:03:44;2 minutes 51 seconds;Deploy;00:02:04
25.csv;fog;18;a45d362aadca;a4:5d:36:2a:ad:ca;Created by FOG Reg on January 12, 2024, 11:46 am;DebRodrigo;Not Valid;17/01/2024;09:00:50;17/01/2024;09:03:45;2 minutes 55 seconds;Deploy;00:02:05
26.csv;fog;2;a45d362abd33;a4:5d:36:2a:bd:33;Created by FOG Reg on January 11, 2024, 11:18 am;DebRodrigo;Not Valid;17/01/2024;09:05:23;17/01/2024;09:08:16;2 minutes 53 seconds;Deploy;00:02:04
26.csv;fog;3;a45d362a91f6;a4:5d:36:2a:91:f6;Created by FOG Reg on January 11, 2024, 11:18 am;DebRodrigo;Not Valid;17/01/2024;09:05:22;17/01/2024;09:08:17;2 minutes 55 seconds;Deploy;00:02:05
26.csv;fog;4;a45d362aad8f;a4:5d:36:2a:ad:8f;Created by FOG Reg on January 11, 2024, 11:18 am;DebRodrigo;Not Valid;17/01/2024;09:05:23;17/01/2024;09:08:16;2 minutes 53 seconds;Deploy;00:02:04
26.csv;fog;5;a45d362a9db8;a4:5d:36:2a:9d:b8;Created by FOG Reg on January 11, 2024, 11:19 am;DebRodrigo;Not Valid;17/01/2024;09:05:23;17/01/2024;09:08:15;2 minutes 52 seconds;Deploy;00:02:03
26.csv;fog;7;a45d362abd2b;a4:5d:36:2a:bd:2b;Created by FOG Reg on January 11, 2024, 11:20 am;DebRodrigo;Not Valid;17/01/2024;09:06:12;17/01/2024;09:08:15;2 minutes 3 seconds;Deploy;00:02:03
26.csv;fog;8;a45d362aed83;a4:5d:36:2a:ed:83;Created by FOG Reg on January 11, 2024, 11:20 am;DebRodrigo;Not Valid;17/01/2024;09:05:22;17/01/2024;09:08:16;2 minutes 54 seconds;Deploy;00:02:04
26.csv;fog;9;fc15b4d90f77;fc:15:b4:d9:0f:77;Created by FOG Reg on January 11, 2024, 11:20 am;DebRodrigo;Not Valid;17/01/2024;09:05:23;17/01/2024;09:08:17;2 minutes 54 seconds;Deploy;00:02:05
26.csv;fog;10;a45d362abd9d;a4:5d:36:2a:bd:9d;Created by FOG Reg on January 11, 2024, 11:20 am;DebRodrigo;Not Valid;17/01/2024;09:05:25;17/01/2024;09:08:15;2 minutes 50 seconds;Deploy;00:02:03
26.csv;fog;11;a45d362a9143;a4:5d:36:2a:91:43;Created by FOG Reg on January 11, 2024, 11:20 am;DebRodrigo;Not Valid;17/01/2024;09:05:21;17/01/2024;09:08:17;2 minutes 56 seconds;Deploy;00:02:05
26.csv;fog;12;a45d362ada99;a4:5d:36:2a:da:99;Created by FOG Reg on January 11, 2024, 11:20 am;DebRodrigo;Not Valid;17/01/2024;09:05:23;17/01/2024;09:08:15;2 minutes 52 seconds;Deploy;00:02:03
26.csv;fog;13;a45d362aad1b;a4:5d:36:2a:ad:1b;Created by FOG Reg on January 11, 2024, 11:20 am;DebRodrigo;Not Valid;17/01/2024;09:05:29;17/01/2024;09:08:15;2 minutes 46 seconds;Deploy;00:02:03
26.csv;fog;14;a45d362abd32;a4:5d:36:2a:bd:32;Created by FOG Reg on January 11, 2024, 11:20 am;DebRodrigo;Not Valid;17/01/2024;09:05:17;17/01/2024;09:08:16;2 minutes 59 seconds;Deploy;00:02:04
26.csv;fog;16;a45d362a9df5;a4:5d:36:2a:9d:f5;Created by FOG Reg on January 11, 2024, 11:23 am;DebRodrigo;Not Valid;17/01/2024;09:05:23;17/01/2024;09:08:15;2 minutes 52 seconds;Deploy;00:02:03
26.csv;fog;18;a45d362aadca;a4:5d:36:2a:ad:ca;Created by FOG Reg on January 12, 2024, 11:46 am;DebRodrigo;Not Valid;17/01/2024;09:05:24;17/01/2024;09:08:18;2 minutes 54 seconds;Deploy;00:02:06
27.csv;fog;2;a45d362abd33;a4:5d:36:2a:bd:33;Created by FOG Reg on January 11, 2024, 11:18 am;DebRodrigo;Not Valid;17/01/2024;09:09:55;17/01/2024;09:12:49;2 minutes 54 seconds;Deploy;00:02:04
27.csv;fog;3;a45d362a91f6;a4:5d:36:2a:91:f6;Created by FOG Reg on January 11, 2024, 11:18 am;DebRodrigo;Not Valid;17/01/2024;09:09:55;17/01/2024;09:12:50;2 minutes 55 seconds;Deploy;00:02:05
27.csv;fog;4;a45d362aad8f;a4:5d:36:2a:ad:8f;Created by FOG Reg on January 11, 2024, 11:18 am;DebRodrigo;Not Valid;17/01/2024;09:09:54;17/01/2024;09:12:49;2 minutes 55 seconds;Deploy;00:02:04
27.csv;fog;5;a45d362a9db8;a4:5d:36:2a:9d:b8;Created by FOG Reg on January 11, 2024, 11:19 am;DebRodrigo;Not Valid;17/01/2024;09:09:56;17/01/2024;09:12:49;2 minutes 53 seconds;Deploy;00:02:04
27.csv;fog;7;a45d362abd2b;a4:5d:36:2a:bd:2b;Created by FOG Reg on January 11, 2024, 11:20 am;DebRodrigo;Not Valid;17/01/2024;09:10:45;17/01/2024;09:12:56;2 minutes 11 seconds;Deploy;00:02:11
27.csv;fog;8;a45d362aed83;a4:5d:36:2a:ed:83;Created by FOG Reg on January 11, 2024, 11:20 am;DebRodrigo;Not Valid;17/01/2024;09:09:54;17/01/2024;09:12:50;2 minutes 56 seconds;Deploy;00:02:05
27.csv;fog;9;fc15b4d90f77;fc:15:b4:d9:0f:77;Created by FOG Reg on January 11, 2024, 11:20 am;DebRodrigo;Not Valid;17/01/2024;09:09:55;17/01/2024;09:12:49;2 minutes 54 seconds;Deploy;00:02:04
27.csv;fog;10;a45d362abd9d;a4:5d:36:2a:bd:9d;Created by FOG Reg on January 11, 2024, 11:20 am;DebRodrigo;Not Valid;17/01/2024;09:09:58;17/01/2024;09:12:50;2 minutes 52 seconds;Deploy;00:02:05
27.csv;fog;11;a45d362a9143;a4:5d:36:2a:91:43;Created by FOG Reg on January 11, 2024, 11:20 am;DebRodrigo;Not Valid;17/01/2024;09:09:55;17/01/2024;09:12:49;2 minutes 54 seconds;Deploy;00:02:04
27.csv;fog;12;a45d362ada99;a4:5d:36:2a:da:99;Created by FOG Reg on January 11, 2024, 11:20 am;DebRodrigo;Not Valid;17/01/2024;09:09:55;17/01/2024;09:12:49;2 minutes 54 seconds;Deploy;00:02:04
27.csv;fog;13;a45d362aad1b;a4:5d:36:2a:ad:1b;Created by FOG Reg on January 11, 2024, 11:20 am;DebRodrigo;Not Valid;17/01/2024;09:10:19;17/01/2024;09:12:49;2 minutes 30 seconds;Deploy;00:02:04
27.csv;fog;14;a45d362abd32;a4:5d:36:2a:bd:32;Created by FOG Reg on January 11, 2024, 11:20 am;DebRodrigo;Not Valid;17/01/2024;09:09:50;17/01/2024;09:12:49;2 minutes 59 seconds;Deploy;00:02:04
27.csv;fog;16;a45d362a9df5;a4:5d:36:2a:9d:f5;Created by FOG Reg on January 11, 2024, 11:23 am;DebRodrigo;Not Valid;17/01/2024;09:09:57;17/01/2024;09:12:49;2 minutes 52 seconds;Deploy;00:02:04
27.csv;fog;18;a45d362aadca;a4:5d:36:2a:ad:ca;Created by FOG Reg on January 12, 2024, 11:46 am;DebRodrigo;Not Valid;17/01/2024;09:09:55;17/01/2024;09:12:48;2 minutes 53 seconds;Deploy;00:02:03
28.csv;fog;2;a45d362abd33;a4:5d:36:2a:bd:33;Created by FOG Reg on January 11, 2024, 11:18 am;DebRodrigo;Not Valid;17/01/2024;09:14:26;17/01/2024;09:17:14;2 minutes 48 seconds;Deploy;00:02:02
28.csv;fog;3;a45d362a91f6;a4:5d:36:2a:91:f6;Created by FOG Reg on January 11, 2024, 11:18 am;DebRodrigo;Not Valid;17/01/2024;09:14:26;17/01/2024;09:17:17;2 minutes 51 seconds;Deploy;00:02:05
28.csv;fog;4;a45d362aad8f;a4:5d:36:2a:ad:8f;Created by FOG Reg on January 11, 2024, 11:18 am;DebRodrigo;Not Valid;17/01/2024;09:14:24;17/01/2024;09:17:15;2 minutes 51 seconds;Deploy;00:02:03
28.csv;fog;5;a45d362a9db8;a4:5d:36:2a:9d:b8;Created by FOG Reg on January 11, 2024, 11:19 am;DebRodrigo;Not Valid;17/01/2024;09:14:24;17/01/2024;09:17:16;2 minutes 52 seconds;Deploy;00:02:04
28.csv;fog;7;a45d362abd2b;a4:5d:36:2a:bd:2b;Created by FOG Reg on January 11, 2024, 11:20 am;DebRodrigo;Not Valid;17/01/2024;09:15:12;17/01/2024;09:17:15;2 minutes 3 seconds;Deploy;00:02:03
28.csv;fog;8;a45d362aed83;a4:5d:36:2a:ed:83;Created by FOG Reg on January 11, 2024, 11:20 am;DebRodrigo;Not Valid;17/01/2024;09:14:24;17/01/2024;09:17:15;2 minutes 51 seconds;Deploy;00:02:03
28.csv;fog;9;fc15b4d90f77;fc:15:b4:d9:0f:77;Created by FOG Reg on January 11, 2024, 11:20 am;DebRodrigo;Not Valid;17/01/2024;09:14:24;17/01/2024;09:17:14;2 minutes 50 seconds;Deploy;00:02:02
28.csv;fog;10;a45d362abd9d;a4:5d:36:2a:bd:9d;Created by FOG Reg on January 11, 2024, 11:20 am;DebRodrigo;Not Valid;17/01/2024;09:14:27;17/01/2024;09:17:16;2 minutes 49 seconds;Deploy;00:02:04
28.csv;fog;11;a45d362a9143;a4:5d:36:2a:91:43;Created by FOG Reg on January 11, 2024, 11:20 am;DebRodrigo;Not Valid;17/01/2024;09:14:21;17/01/2024;09:17:15;2 minutes 54 seconds;Deploy;00:02:03
28.csv;fog;12;a45d362ada99;a4:5d:36:2a:da:99;Created by FOG Reg on January 11, 2024, 11:20 am;DebRodrigo;Not Valid;17/01/2024;09:14:24;17/01/2024;09:17:16;2 minutes 52 seconds;Deploy;00:02:04
28.csv;fog;13;a45d362aad1b;a4:5d:36:2a:ad:1b;Created by FOG Reg on January 11, 2024, 11:20 am;DebRodrigo;Not Valid;17/01/2024;09:14:23;17/01/2024;09:17:15;2 minutes 52 seconds;Deploy;00:02:03
28.csv;fog;14;a45d362abd32;a4:5d:36:2a:bd:32;Created by FOG Reg on January 11, 2024, 11:20 am;DebRodrigo;Not Valid;17/01/2024;09:14:17;17/01/2024;09:17:17;3 minutes ;Deploy;00:02:05
28.csv;fog;16;a45d362a9df5;a4:5d:36:2a:9d:f5;Created by FOG Reg on January 11, 2024, 11:23 am;DebRodrigo;Not Valid;17/01/2024;09:14:24;17/01/2024;09:17:16;2 minutes 52 seconds;Deploy;00:02:04
28.csv;fog;18;a45d362aadca;a4:5d:36:2a:ad:ca;Created by FOG Reg on January 12, 2024, 11:46 am;DebRodrigo;Not Valid;17/01/2024;09:14:23;17/01/2024;09:17:15;2 minutes 52 seconds;Deploy;00:02:03
29.csv;fog;2;a45d362abd33;a4:5d:36:2a:bd:33;Created by FOG Reg on January 11, 2024, 11:18 am;DebRodrigo;Not Valid;17/01/2024;09:18:51;17/01/2024;09:21:47;2 minutes 56 seconds;Deploy;00:02:06
29.csv;fog;3;a45d362a91f6;a4:5d:36:2a:91:f6;Created by FOG Reg on January 11, 2024, 11:18 am;DebRodrigo;Not Valid;17/01/2024;09:18:49;17/01/2024;09:21:48;2 minutes 59 seconds;Deploy;00:02:07
29.csv;fog;4;a45d362aad8f;a4:5d:36:2a:ad:8f;Created by FOG Reg on January 11, 2024, 11:18 am;DebRodrigo;Not Valid;17/01/2024;09:18:51;17/01/2024;09:21:46;2 minutes 55 seconds;Deploy;00:02:05
29.csv;fog;5;a45d362a9db8;a4:5d:36:2a:9d:b8;Created by FOG Reg on January 11, 2024, 11:19 am;DebRodrigo;Not Valid;17/01/2024;09:18:47;17/01/2024;09:21:47;3 minutes ;Deploy;00:02:06
29.csv;fog;7;a45d362abd2b;a4:5d:36:2a:bd:2b;Created by FOG Reg on January 11, 2024, 11:20 am;DebRodrigo;Not Valid;17/01/2024;09:19:41;17/01/2024;09:21:46;2 minutes 5 seconds;Deploy;00:02:05
29.csv;fog;8;a45d362aed83;a4:5d:36:2a:ed:83;Created by FOG Reg on January 11, 2024, 11:20 am;DebRodrigo;Not Valid;17/01/2024;09:18:52;17/01/2024;09:21:47;2 minutes 55 seconds;Deploy;00:02:06
29.csv;fog;9;fc15b4d90f77;fc:15:b4:d9:0f:77;Created by FOG Reg on January 11, 2024, 11:20 am;DebRodrigo;Not Valid;17/01/2024;09:18:53;17/01/2024;09:21:47;2 minutes 54 seconds;Deploy;00:02:06
29.csv;fog;10;a45d362abd9d;a4:5d:36:2a:bd:9d;Created by FOG Reg on January 11, 2024, 11:20 am;DebRodrigo;Not Valid;17/01/2024;09:18:53;17/01/2024;09:21:46;2 minutes 53 seconds;Deploy;00:02:05
29.csv;fog;11;a45d362a9143;a4:5d:36:2a:91:43;Created by FOG Reg on January 11, 2024, 11:20 am;DebRodrigo;Not Valid;17/01/2024;09:18:49;17/01/2024;09:21:46;2 minutes 57 seconds;Deploy;00:02:05
29.csv;fog;12;a45d362ada99;a4:5d:36:2a:da:99;Created by FOG Reg on January 11, 2024, 11:20 am;DebRodrigo;Not Valid;17/01/2024;09:18:51;17/01/2024;09:21:47;2 minutes 56 seconds;Deploy;00:02:06
29.csv;fog;13;a45d362aad1b;a4:5d:36:2a:ad:1b;Created by FOG Reg on January 11, 2024, 11:20 am;DebRodrigo;Not Valid;17/01/2024;09:18:48;17/01/2024;09:21:47;2 minutes 59 seconds;Deploy;00:02:06
29.csv;fog;14;a45d362abd32;a4:5d:36:2a:bd:32;Created by FOG Reg on January 11, 2024, 11:20 am;DebRodrigo;Not Valid;17/01/2024;09:18:46;17/01/2024;09:21:46;3 minutes ;Deploy;00:02:05
29.csv;fog;16;a45d362a9df5;a4:5d:36:2a:9d:f5;Created by FOG Reg on January 11, 2024, 11:23 am;DebRodrigo;Not Valid;17/01/2024;09:18:53;17/01/2024;09:21:48;2 minutes 55 seconds;Deploy;00:02:07
29.csv;fog;18;a45d362aadca;a4:5d:36:2a:ad:ca;Created by FOG Reg on January 12, 2024, 11:46 am;DebRodrigo;Not Valid;17/01/2024;09:18:49;17/01/2024;09:21:47;2 minutes 58 seconds;Deploy;00:02:06
3.CSV;fog;2;a45d362abd33;a4:5d:36:2a:bd:33;Created by FOG Reg on January 11, 2024, 11:18 am;DebRodrigo;Not Valid;17/01/2024;07:06:47;17/01/2024;07:15:07;8 minutes 20 seconds;Deploy;00:02:07
3.CSV;fog;3;a45d362a91f6;a4:5d:36:2a:91:f6;Created by FOG Reg on January 11, 2024, 11:18 am;DebRodrigo;Not Valid;17/01/2024;07:06:52;17/01/2024;07:15:05;8 minutes 13 seconds;Deploy;00:02:05
3.CSV;fog;4;a45d362aad8f;a4:5d:36:2a:ad:8f;Created by FOG Reg on January 11, 2024, 11:18 am;DebRodrigo;Not Valid;17/01/2024;07:06:46;17/01/2024;07:15:05;8 minutes 19 seconds;Deploy;00:02:05
3.CSV;fog;5;a45d362a9db8;a4:5d:36:2a:9d:b8;Created by FOG Reg on January 11, 2024, 11:19 am;DebRodrigo;Not Valid;17/01/2024;07:06:45;17/01/2024;07:15:07;8 minutes 22 seconds;Deploy;00:02:07
3.CSV;fog;7;a45d362abd2b;a4:5d:36:2a:bd:2b;Created by FOG Reg on January 11, 2024, 11:20 am;DebRodrigo;Not Valid;17/01/2024;07:13:00;17/01/2024;07:15:04;2 minutes 4 seconds;Deploy;00:02:04
3.CSV;fog;8;a45d362aed83;a4:5d:36:2a:ed:83;Created by FOG Reg on January 11, 2024, 11:20 am;DebRodrigo;Not Valid;17/01/2024;07:06:44;17/01/2024;07:15:04;8 minutes 20 seconds;Deploy;00:02:04
3.CSV;fog;9;fc15b4d90f77;fc:15:b4:d9:0f:77;Created by FOG Reg on January 11, 2024, 11:20 am;DebRodrigo;Not Valid;17/01/2024;07:06:48;17/01/2024;07:15:04;8 minutes 16 seconds;Deploy;00:02:04
3.CSV;fog;10;a45d362abd9d;a4:5d:36:2a:bd:9d;Created by FOG Reg on January 11, 2024, 11:20 am;DebRodrigo;Not Valid;17/01/2024;07:06:49;17/01/2024;07:15:06;8 minutes 17 seconds;Deploy;00:02:06
3.CSV;fog;11;a45d362a9143;a4:5d:36:2a:91:43;Created by FOG Reg on January 11, 2024, 11:20 am;DebRodrigo;Not Valid;17/01/2024;07:06:48;17/01/2024;07:15:05;8 minutes 17 seconds;Deploy;00:02:05
3.CSV;fog;12;a45d362ada99;a4:5d:36:2a:da:99;Created by FOG Reg on January 11, 2024, 11:20 am;DebRodrigo;Not Valid;17/01/2024;07:06:47;17/01/2024;07:15:04;8 minutes 17 seconds;Deploy;00:02:04
3.CSV;fog;13;a45d362aad1b;a4:5d:36:2a:ad:1b;Created by FOG Reg on January 11, 2024, 11:20 am;DebRodrigo;Not Valid;17/01/2024;07:06:53;17/01/2024;07:15:06;8 minutes 13 seconds;Deploy;00:02:06
3.CSV;fog;14;a45d362abd32;a4:5d:36:2a:bd:32;Created by FOG Reg on January 11, 2024, 11:20 am;DebRodrigo;Not Valid;17/01/2024;07:06:40;17/01/2024;07:15:04;8 minutes 24 seconds;Deploy;00:02:04
3.CSV;fog;16;a45d362a9df5;a4:5d:36:2a:9d:f5;Created by FOG Reg on January 11, 2024, 11:23 am;DebRodrigo;Not Valid;17/01/2024;07:06:46;17/01/2024;07:15:06;8 minutes 20 seconds;Deploy;00:02:06
3.CSV;fog;18;a45d362aadca;a4:5d:36:2a:ad:ca;Created by FOG Reg on January 12, 2024, 11:46 am;DebRodrigo;Not Valid;17/01/2024;07:06:47;17/01/2024;07:15:06;8 minutes 19 seconds;Deploy;00:02:06
30.csv;fog;2;a45d362abd33;a4:5d:36:2a:bd:33;Created by FOG Reg on January 11, 2024, 11:18 am;DebRodrigo;Not Valid;17/01/2024;09:23:28;17/01/2024;09:26:20;2 minutes 52 seconds;Deploy;00:02:04
30.csv;fog;3;a45d362a91f6;a4:5d:36:2a:91:f6;Created by FOG Reg on January 11, 2024, 11:18 am;DebRodrigo;Not Valid;17/01/2024;09:23:27;17/01/2024;09:26:20;2 minutes 53 seconds;Deploy;00:02:04
30.csv;fog;4;a45d362aad8f;a4:5d:36:2a:ad:8f;Created by FOG Reg on January 11, 2024, 11:18 am;DebRodrigo;Not Valid;17/01/2024;09:23:27;17/01/2024;09:26:20;2 minutes 53 seconds;Deploy;00:02:04
30.csv;fog;5;a45d362a9db8;a4:5d:36:2a:9d:b8;Created by FOG Reg on January 11, 2024, 11:19 am;DebRodrigo;Not Valid;17/01/2024;09:23:27;17/01/2024;09:26:21;2 minutes 54 seconds;Deploy;00:02:05
30.csv;fog;7;a45d362abd2b;a4:5d:36:2a:bd:2b;Created by FOG Reg on January 11, 2024, 11:20 am;DebRodrigo;Not Valid;17/01/2024;09:24:16;17/01/2024;09:26:21;2 minutes 5 seconds;Deploy;00:02:05
30.csv;fog;8;a45d362aed83;a4:5d:36:2a:ed:83;Created by FOG Reg on January 11, 2024, 11:20 am;DebRodrigo;Not Valid;17/01/2024;09:23:26;17/01/2024;09:26:20;2 minutes 54 seconds;Deploy;00:02:04
30.csv;fog;9;fc15b4d90f77;fc:15:b4:d9:0f:77;Created by FOG Reg on January 11, 2024, 11:20 am;DebRodrigo;Not Valid;17/01/2024;09:23:24;17/01/2024;09:26:20;2 minutes 56 seconds;Deploy;00:02:04
30.csv;fog;10;a45d362abd9d;a4:5d:36:2a:bd:9d;Created by FOG Reg on January 11, 2024, 11:20 am;DebRodrigo;Not Valid;17/01/2024;09:23:27;17/01/2024;09:26:20;2 minutes 53 seconds;Deploy;00:02:04
30.csv;fog;11;a45d362a9143;a4:5d:36:2a:91:43;Created by FOG Reg on January 11, 2024, 11:20 am;DebRodrigo;Not Valid;17/01/2024;09:23:29;17/01/2024;09:26:20;2 minutes 51 seconds;Deploy;00:02:04
30.csv;fog;12;a45d362ada99;a4:5d:36:2a:da:99;Created by FOG Reg on January 11, 2024, 11:20 am;DebRodrigo;Not Valid;17/01/2024;09:23:27;17/01/2024;09:26:20;2 minutes 53 seconds;Deploy;00:02:04
30.csv;fog;13;a45d362aad1b;a4:5d:36:2a:ad:1b;Created by FOG Reg on January 11, 2024, 11:20 am;DebRodrigo;Not Valid;17/01/2024;09:23:28;17/01/2024;09:26:20;2 minutes 52 seconds;Deploy;00:02:04
30.csv;fog;14;a45d362abd32;a4:5d:36:2a:bd:32;Created by FOG Reg on January 11, 2024, 11:20 am;DebRodrigo;Not Valid;17/01/2024;09:23:21;17/01/2024;09:26:20;2 minutes 59 seconds;Deploy;00:02:04
30.csv;fog;16;a45d362a9df5;a4:5d:36:2a:9d:f5;Created by FOG Reg on January 11, 2024, 11:23 am;DebRodrigo;Not Valid;17/01/2024;09:23:26;17/01/2024;09:26:20;2 minutes 54 seconds;Deploy;00:02:04
30.csv;fog;18;a45d362aadca;a4:5d:36:2a:ad:ca;Created by FOG Reg on January 12, 2024, 11:46 am;DebRodrigo;Not Valid;17/01/2024;09:23:25;17/01/2024;09:26:20;2 minutes 55 seconds;Deploy;00:02:04
4.CSV;fog;2;a45d362abd33;a4:5d:36:2a:bd:33;Created by FOG Reg on January 11, 2024, 11:18 am;DebRodrigo;Not Valid;17/01/2024;07:17:15;17/01/2024;07:20:06;2 minutes 51 seconds;Deploy;00:02:04
4.CSV;fog;3;a45d362a91f6;a4:5d:36:2a:91:f6;Created by FOG Reg on January 11, 2024, 11:18 am;DebRodrigo;Not Valid;17/01/2024;07:17:16;17/01/2024;07:20:06;2 minutes 50 seconds;Deploy;00:02:04
4.CSV;fog;4;a45d362aad8f;a4:5d:36:2a:ad:8f;Created by FOG Reg on January 11, 2024, 11:18 am;DebRodrigo;Not Valid;17/01/2024;07:17:14;17/01/2024;07:20:05;2 minutes 51 seconds;Deploy;00:02:03
4.CSV;fog;5;a45d362a9db8;a4:5d:36:2a:9d:b8;Created by FOG Reg on January 11, 2024, 11:19 am;DebRodrigo;Not Valid;17/01/2024;07:17:14;17/01/2024;07:20:07;2 minutes 53 seconds;Deploy;00:02:05
4.CSV;fog;7;a45d362abd2b;a4:5d:36:2a:bd:2b;Created by FOG Reg on January 11, 2024, 11:20 am;DebRodrigo;Not Valid;17/01/2024;07:18:02;17/01/2024;07:20:05;2 minutes 3 seconds;Deploy;00:02:03
4.CSV;fog;8;a45d362aed83;a4:5d:36:2a:ed:83;Created by FOG Reg on January 11, 2024, 11:20 am;DebRodrigo;Not Valid;17/01/2024;07:17:13;17/01/2024;07:20:07;2 minutes 54 seconds;Deploy;00:02:05
4.CSV;fog;9;fc15b4d90f77;fc:15:b4:d9:0f:77;Created by FOG Reg on January 11, 2024, 11:20 am;DebRodrigo;Not Valid;17/01/2024;07:17:16;17/01/2024;07:20:07;2 minutes 51 seconds;Deploy;00:02:05
4.CSV;fog;10;a45d362abd9d;a4:5d:36:2a:bd:9d;Created by FOG Reg on January 11, 2024, 11:20 am;DebRodrigo;Not Valid;17/01/2024;07:17:14;17/01/2024;07:20:05;2 minutes 51 seconds;Deploy;00:02:03
4.CSV;fog;11;a45d362a9143;a4:5d:36:2a:91:43;Created by FOG Reg on January 11, 2024, 11:20 am;DebRodrigo;Not Valid;17/01/2024;07:17:15;17/01/2024;07:20:06;2 minutes 51 seconds;Deploy;00:02:04
4.CSV;fog;12;a45d362ada99;a4:5d:36:2a:da:99;Created by FOG Reg on January 11, 2024, 11:20 am;DebRodrigo;Not Valid;17/01/2024;07:17:15;17/01/2024;07:20:05;2 minutes 50 seconds;Deploy;00:02:03
4.CSV;fog;13;a45d362aad1b;a4:5d:36:2a:ad:1b;Created by FOG Reg on January 11, 2024, 11:20 am;DebRodrigo;Not Valid;17/01/2024;07:17:19;17/01/2024;07:20:07;2 minutes 48 seconds;Deploy;00:02:05
4.CSV;fog;14;a45d362abd32;a4:5d:36:2a:bd:32;Created by FOG Reg on January 11, 2024, 11:20 am;DebRodrigo;Not Valid;17/01/2024;07:17:09;17/01/2024;07:20:07;2 minutes 58 seconds;Deploy;00:02:05
4.CSV;fog;16;a45d362a9df5;a4:5d:36:2a:9d:f5;Created by FOG Reg on January 11, 2024, 11:23 am;DebRodrigo;Not Valid;17/01/2024;07:17:16;17/01/2024;07:20:05;2 minutes 49 seconds;Deploy;00:02:03
4.CSV;fog;18;a45d362aadca;a4:5d:36:2a:ad:ca;Created by FOG Reg on January 12, 2024, 11:46 am;DebRodrigo;Not Valid;17/01/2024;07:17:13;17/01/2024;07:20:06;2 minutes 53 seconds;Deploy;00:02:04
5.CSV;fog;2;a45d362abd33;a4:5d:36:2a:bd:33;Created by FOG Reg on January 11, 2024, 11:18 am;DebRodrigo;Not Valid;17/01/2024;07:22:25;17/01/2024;07:25:17;2 minutes 52 seconds;Deploy;00:02:03
5.CSV;fog;3;a45d362a91f6;a4:5d:36:2a:91:f6;Created by FOG Reg on January 11, 2024, 11:18 am;DebRodrigo;Not Valid;17/01/2024;07:22:28;17/01/2024;07:25:19;2 minutes 51 seconds;Deploy;00:02:05
5.CSV;fog;4;a45d362aad8f;a4:5d:36:2a:ad:8f;Created by FOG Reg on January 11, 2024, 11:18 am;DebRodrigo;Not Valid;17/01/2024;07:22:24;17/01/2024;07:25:18;2 minutes 54 seconds;Deploy;00:02:07
5.CSV;fog;5;a45d362a9db8;a4:5d:36:2a:9d:b8;Created by FOG Reg on January 11, 2024, 11:19 am;DebRodrigo;Not Valid;17/01/2024;07:22:22;17/01/2024;07:25:18;2 minutes 56 seconds;Deploy;00:02:06
5.CSV;fog;7;a45d362abd2b;a4:5d:36:2a:bd:2b;Created by FOG Reg on January 11, 2024, 11:20 am;DebRodrigo;Not Valid;17/01/2024;07:23:12;17/01/2024;07:25:18;2 minutes 6 seconds;Deploy;00:02:06
5.CSV;fog;8;a45d362aed83;a4:5d:36:2a:ed:83;Created by FOG Reg on January 11, 2024, 11:20 am;DebRodrigo;Not Valid;17/01/2024;07:22:21;17/01/2024;07:25:17;2 minutes 56 seconds;Deploy;00:02:06
5.CSV;fog;9;fc15b4d90f77;fc:15:b4:d9:0f:77;Created by FOG Reg on January 11, 2024, 11:20 am;DebRodrigo;Not Valid;17/01/2024;07:22:22;17/01/2024;07:25:17;2 minutes 55 seconds;Deploy;00:02:05
5.CSV;fog;10;a45d362abd9d;a4:5d:36:2a:bd:9d;Created by FOG Reg on January 11, 2024, 11:20 am;DebRodrigo;Not Valid;17/01/2024;07:22:24;17/01/2024;07:25:18;2 minutes 54 seconds;Deploy;00:02:05
5.CSV;fog;11;a45d362a9143;a4:5d:36:2a:91:43;Created by FOG Reg on January 11, 2024, 11:20 am;DebRodrigo;Not Valid;17/01/2024;07:22:23;17/01/2024;07:25:18;2 minutes 55 seconds;Deploy;00:02:06
5.CSV;fog;12;a45d362ada99;a4:5d:36:2a:da:99;Created by FOG Reg on January 11, 2024, 11:20 am;DebRodrigo;Not Valid;17/01/2024;07:22:24;17/01/2024;07:25:17;2 minutes 53 seconds;Deploy;00:02:06
5.CSV;fog;13;a45d362aad1b;a4:5d:36:2a:ad:1b;Created by FOG Reg on January 11, 2024, 11:20 am;DebRodrigo;Not Valid;17/01/2024;07:22:27;17/01/2024;07:25:18;2 minutes 51 seconds;Deploy;00:02:05
5.CSV;fog;14;a45d362abd32;a4:5d:36:2a:bd:32;Created by FOG Reg on January 11, 2024, 11:20 am;DebRodrigo;Not Valid;17/01/2024;07:22:17;17/01/2024;07:25:18;3 minutes 1 second;Deploy;00:02:06
5.CSV;fog;16;a45d362a9df5;a4:5d:36:2a:9d:f5;Created by FOG Reg on January 11, 2024, 11:23 am;DebRodrigo;Not Valid;17/01/2024;07:22:25;17/01/2024;07:25:19;2 minutes 54 seconds;Deploy;00:02:06
5.CSV;fog;18;a45d362aadca;a4:5d:36:2a:ad:ca;Created by FOG Reg on January 12, 2024, 11:46 am;DebRodrigo;Not Valid;17/01/2024;07:22:21;17/01/2024;07:25:18;2 minutes 57 seconds;Deploy;00:02:07
6.CSV;fog;2;a45d362abd33;a4:5d:36:2a:bd:33;Created by FOG Reg on January 11, 2024, 11:18 am;DebRodrigo;Not Valid;17/01/2024;07:28:12;17/01/2024;07:31:05;2 minutes 53 seconds;Deploy;00:02:03
6.CSV;fog;3;a45d362a91f6;a4:5d:36:2a:91:f6;Created by FOG Reg on January 11, 2024, 11:18 am;DebRodrigo;Not Valid;17/01/2024;07:28:15;17/01/2024;07:31:07;2 minutes 52 seconds;Deploy;00:02:05
6.CSV;fog;4;a45d362aad8f;a4:5d:36:2a:ad:8f;Created by FOG Reg on January 11, 2024, 11:18 am;DebRodrigo;Not Valid;17/01/2024;07:28:14;17/01/2024;07:31:06;2 minutes 52 seconds;Deploy;00:02:04
6.CSV;fog;5;a45d362a9db8;a4:5d:36:2a:9d:b8;Created by FOG Reg on January 11, 2024, 11:19 am;DebRodrigo;Not Valid;17/01/2024;07:28:13;17/01/2024;07:31:07;2 minutes 54 seconds;Deploy;00:02:05
6.CSV;fog;7;a45d362abd2b;a4:5d:36:2a:bd:2b;Created by FOG Reg on January 11, 2024, 11:20 am;DebRodrigo;Not Valid;17/01/2024;07:29:02;17/01/2024;07:31:05;2 minutes 3 seconds;Deploy;00:02:03
6.CSV;fog;8;a45d362aed83;a4:5d:36:2a:ed:83;Created by FOG Reg on January 11, 2024, 11:20 am;DebRodrigo;Not Valid;17/01/2024;07:28:13;17/01/2024;07:31:05;2 minutes 52 seconds;Deploy;00:02:03
6.CSV;fog;9;fc15b4d90f77;fc:15:b4:d9:0f:77;Created by FOG Reg on January 11, 2024, 11:20 am;DebRodrigo;Not Valid;17/01/2024;07:28:14;17/01/2024;07:31:06;2 minutes 52 seconds;Deploy;00:02:04
6.CSV;fog;10;a45d362abd9d;a4:5d:36:2a:bd:9d;Created by FOG Reg on January 11, 2024, 11:20 am;DebRodrigo;Not Valid;17/01/2024;07:28:15;17/01/2024;07:31:06;2 minutes 51 seconds;Deploy;00:02:04
6.CSV;fog;11;a45d362a9143;a4:5d:36:2a:91:43;Created by FOG Reg on January 11, 2024, 11:20 am;DebRodrigo;Not Valid;17/01/2024;07:28:15;17/01/2024;07:31:06;2 minutes 51 seconds;Deploy;00:02:04
6.CSV;fog;12;a45d362ada99;a4:5d:36:2a:da:99;Created by FOG Reg on January 11, 2024, 11:20 am;DebRodrigo;Not Valid;17/01/2024;07:28:14;17/01/2024;07:31:07;2 minutes 53 seconds;Deploy;00:02:05
6.CSV;fog;13;a45d362aad1b;a4:5d:36:2a:ad:1b;Created by FOG Reg on January 11, 2024, 11:20 am;DebRodrigo;Not Valid;17/01/2024;07:28:16;17/01/2024;07:31:05;2 minutes 49 seconds;Deploy;00:02:03
6.CSV;fog;14;a45d362abd32;a4:5d:36:2a:bd:32;Created by FOG Reg on January 11, 2024, 11:20 am;DebRodrigo;Not Valid;17/01/2024;07:28:08;17/01/2024;07:31:05;2 minutes 57 seconds;Deploy;00:02:03
6.CSV;fog;16;a45d362a9df5;a4:5d:36:2a:9d:f5;Created by FOG Reg on January 11, 2024, 11:23 am;DebRodrigo;Not Valid;17/01/2024;07:28:13;17/01/2024;07:31:07;2 minutes 54 seconds;Deploy;00:02:05
6.CSV;fog;18;a45d362aadca;a4:5d:36:2a:ad:ca;Created by FOG Reg on January 12, 2024, 11:46 am;DebRodrigo;Not Valid;17/01/2024;07:28:13;17/01/2024;07:31:07;2 minutes 54 seconds;Deploy;00:02:05
7.CSV;fog;2;a45d362abd33;a4:5d:36:2a:bd:33;Created by FOG Reg on January 11, 2024, 11:18 am;DebRodrigo;Not Valid;17/01/2024;07:34:52;17/01/2024;07:37:50;2 minutes 58 seconds;Deploy;00:02:11
7.CSV;fog;3;a45d362a91f6;a4:5d:36:2a:91:f6;Created by FOG Reg on January 11, 2024, 11:18 am;DebRodrigo;Not Valid;17/01/2024;07:34:55;17/01/2024;07:37:51;2 minutes 56 seconds;Deploy;00:02:12
7.CSV;fog;4;a45d362aad8f;a4:5d:36:2a:ad:8f;Created by FOG Reg on January 11, 2024, 11:18 am;DebRodrigo;Not Valid;17/01/2024;07:34:52;17/01/2024;07:37:49;2 minutes 57 seconds;Deploy;00:02:10
7.CSV;fog;5;a45d362a9db8;a4:5d:36:2a:9d:b8;Created by FOG Reg on January 11, 2024, 11:19 am;DebRodrigo;Not Valid;17/01/2024;07:34:51;17/01/2024;07:37:50;2 minutes 59 seconds;Deploy;00:02:11
7.CSV;fog;7;a45d362abd2b;a4:5d:36:2a:bd:2b;Created by FOG Reg on January 11, 2024, 11:20 am;DebRodrigo;Not Valid;17/01/2024;07:35:39;17/01/2024;07:37:50;2 minutes 11 seconds;Deploy;00:02:11
7.CSV;fog;8;a45d362aed83;a4:5d:36:2a:ed:83;Created by FOG Reg on January 11, 2024, 11:20 am;DebRodrigo;Not Valid;17/01/2024;07:34:51;17/01/2024;07:37:50;2 minutes 59 seconds;Deploy;00:02:11
7.CSV;fog;9;fc15b4d90f77;fc:15:b4:d9:0f:77;Created by FOG Reg on January 11, 2024, 11:20 am;DebRodrigo;Not Valid;17/01/2024;07:34:50;17/01/2024;07:37:51;3 minutes 1 second;Deploy;00:02:12
7.CSV;fog;10;a45d362abd9d;a4:5d:36:2a:bd:9d;Created by FOG Reg on January 11, 2024, 11:20 am;DebRodrigo;Not Valid;17/01/2024;07:34:53;17/01/2024;07:37:49;2 minutes 56 seconds;Deploy;00:02:10
7.CSV;fog;11;a45d362a9143;a4:5d:36:2a:91:43;Created by FOG Reg on January 11, 2024, 11:20 am;DebRodrigo;Not Valid;17/01/2024;07:34:52;17/01/2024;07:37:50;2 minutes 58 seconds;Deploy;00:02:11
7.CSV;fog;12;a45d362ada99;a4:5d:36:2a:da:99;Created by FOG Reg on January 11, 2024, 11:20 am;DebRodrigo;Not Valid;17/01/2024;07:34:51;17/01/2024;07:37:49;2 minutes 58 seconds;Deploy;00:02:10
7.CSV;fog;13;a45d362aad1b;a4:5d:36:2a:ad:1b;Created by FOG Reg on January 11, 2024, 11:20 am;DebRodrigo;Not Valid;17/01/2024;07:34:54;17/01/2024;07:37:50;2 minutes 56 seconds;Deploy;00:02:11
7.CSV;fog;14;a45d362abd32;a4:5d:36:2a:bd:32;Created by FOG Reg on January 11, 2024, 11:20 am;DebRodrigo;Not Valid;17/01/2024;07:34:45;17/01/2024;07:37:50;3 minutes 5 seconds;Deploy;00:02:11
7.CSV;fog;16;a45d362a9df5;a4:5d:36:2a:9d:f5;Created by FOG Reg on January 11, 2024, 11:23 am;DebRodrigo;Not Valid;17/01/2024;07:34:51;17/01/2024;07:37:49;2 minutes 58 seconds;Deploy;00:02:10
7.CSV;fog;18;a45d362aadca;a4:5d:36:2a:ad:ca;Created by FOG Reg on January 12, 2024, 11:46 am;DebRodrigo;Not Valid;17/01/2024;07:34:53;17/01/2024;07:37:48;2 minutes 55 seconds;Deploy;00:02:09
8.CSV;fog;2;a45d362abd33;a4:5d:36:2a:bd:33;Created by FOG Reg on January 11, 2024, 11:18 am;DebRodrigo;Not Valid;17/01/2024;07:39:54;17/01/2024;07:42:48;2 minutes 54 seconds;Deploy;00:02:05
8.CSV;fog;3;a45d362a91f6;a4:5d:36:2a:91:f6;Created by FOG Reg on January 11, 2024, 11:18 am;DebRodrigo;Not Valid;17/01/2024;07:39:56;17/01/2024;07:42:47;2 minutes 51 seconds;Deploy;00:02:04
8.CSV;fog;4;a45d362aad8f;a4:5d:36:2a:ad:8f;Created by FOG Reg on January 11, 2024, 11:18 am;DebRodrigo;Not Valid;17/01/2024;07:39:52;17/01/2024;07:42:45;2 minutes 53 seconds;Deploy;00:02:02
8.CSV;fog;5;a45d362a9db8;a4:5d:36:2a:9d:b8;Created by FOG Reg on January 11, 2024, 11:19 am;DebRodrigo;Not Valid;17/01/2024;07:39:54;17/01/2024;07:42:48;2 minutes 54 seconds;Deploy;00:02:05
8.CSV;fog;7;a45d362abd2b;a4:5d:36:2a:bd:2b;Created by FOG Reg on January 11, 2024, 11:20 am;DebRodrigo;Not Valid;17/01/2024;07:40:43;17/01/2024;07:42:46;2 minutes 3 seconds;Deploy;00:02:03
8.CSV;fog;8;a45d362aed83;a4:5d:36:2a:ed:83;Created by FOG Reg on January 11, 2024, 11:20 am;DebRodrigo;Not Valid;17/01/2024;07:39:53;17/01/2024;07:42:47;2 minutes 54 seconds;Deploy;00:02:04
8.CSV;fog;9;fc15b4d90f77;fc:15:b4:d9:0f:77;Created by FOG Reg on January 11, 2024, 11:20 am;DebRodrigo;Not Valid;17/01/2024;07:39:50;17/01/2024;07:42:48;2 minutes 58 seconds;Deploy;00:02:05
8.CSV;fog;10;a45d362abd9d;a4:5d:36:2a:bd:9d;Created by FOG Reg on January 11, 2024, 11:20 am;DebRodrigo;Not Valid;17/01/2024;07:39:55;17/01/2024;07:42:47;2 minutes 52 seconds;Deploy;00:02:04
8.CSV;fog;11;a45d362a9143;a4:5d:36:2a:91:43;Created by FOG Reg on January 11, 2024, 11:20 am;DebRodrigo;Not Valid;17/01/2024;07:40:00;17/01/2024;07:42:45;2 minutes 45 seconds;Deploy;00:02:02
8.CSV;fog;12;a45d362ada99;a4:5d:36:2a:da:99;Created by FOG Reg on January 11, 2024, 11:20 am;DebRodrigo;Not Valid;17/01/2024;07:39:51;17/01/2024;07:42:47;2 minutes 56 seconds;Deploy;00:02:04
8.CSV;fog;13;a45d362aad1b;a4:5d:36:2a:ad:1b;Created by FOG Reg on January 11, 2024, 11:20 am;DebRodrigo;Not Valid;17/01/2024;07:39:56;17/01/2024;07:42:48;2 minutes 52 seconds;Deploy;00:02:05
8.CSV;fog;14;a45d362abd32;a4:5d:36:2a:bd:32;Created by FOG Reg on January 11, 2024, 11:20 am;DebRodrigo;Not Valid;17/01/2024;07:39:55;17/01/2024;07:42:46;2 minutes 51 seconds;Deploy;00:02:03
8.CSV;fog;16;a45d362a9df5;a4:5d:36:2a:9d:f5;Created by FOG Reg on January 11, 2024, 11:23 am;DebRodrigo;Not Valid;17/01/2024;07:39:55;17/01/2024;07:42:47;2 minutes 52 seconds;Deploy;00:02:04
8.CSV;fog;18;a45d362aadca;a4:5d:36:2a:ad:ca;Created by FOG Reg on January 12, 2024, 11:46 am;DebRodrigo;Not Valid;17/01/2024;07:39:54;17/01/2024;07:42:47;2 minutes 53 seconds;Deploy;00:02:04
9.CSV;fog;2;a45d362abd33;a4:5d:36:2a:bd:33;Created by FOG Reg on January 11, 2024, 11:18 am;DebRodrigo;Not Valid;17/01/2024;07:44:34;17/01/2024;07:47:27;2 minutes 53 seconds;Deploy;00:02:05
9.CSV;fog;3;a45d362a91f6;a4:5d:36:2a:91:f6;Created by FOG Reg on January 11, 2024, 11:18 am;DebRodrigo;Not Valid;17/01/2024;07:44:38;17/01/2024;07:47:27;2 minutes 49 seconds;Deploy;00:02:05
9.CSV;fog;4;a45d362aad8f;a4:5d:36:2a:ad:8f;Created by FOG Reg on January 11, 2024, 11:18 am;DebRodrigo;Not Valid;17/01/2024;07:44:34;17/01/2024;07:47:26;2 minutes 52 seconds;Deploy;00:02:04
9.CSV;fog;5;a45d362a9db8;a4:5d:36:2a:9d:b8;Created by FOG Reg on January 11, 2024, 11:19 am;DebRodrigo;Not Valid;17/01/2024;07:44:33;17/01/2024;07:47:27;2 minutes 54 seconds;Deploy;00:02:05
9.CSV;fog;7;a45d362abd2b;a4:5d:36:2a:bd:2b;Created by FOG Reg on January 11, 2024, 11:20 am;DebRodrigo;Not Valid;17/01/2024;07:45:22;17/01/2024;07:47:26;2 minutes 4 seconds;Deploy;00:02:04
9.CSV;fog;8;a45d362aed83;a4:5d:36:2a:ed:83;Created by FOG Reg on January 11, 2024, 11:20 am;DebRodrigo;Not Valid;17/01/2024;07:44:32;17/01/2024;07:47:25;2 minutes 53 seconds;Deploy;00:02:03
9.CSV;fog;9;fc15b4d90f77;fc:15:b4:d9:0f:77;Created by FOG Reg on January 11, 2024, 11:20 am;DebRodrigo;Not Valid;17/01/2024;07:44:35;17/01/2024;07:47:26;2 minutes 51 seconds;Deploy;00:02:04
9.CSV;fog;10;a45d362abd9d;a4:5d:36:2a:bd:9d;Created by FOG Reg on January 11, 2024, 11:20 am;DebRodrigo;Not Valid;17/01/2024;07:44:37;17/01/2024;07:47:26;2 minutes 49 seconds;Deploy;00:02:04
9.CSV;fog;11;a45d362a9143;a4:5d:36:2a:91:43;Created by FOG Reg on January 11, 2024, 11:20 am;DebRodrigo;Not Valid;17/01/2024;07:44:34;17/01/2024;07:47:26;2 minutes 52 seconds;Deploy;00:02:04
9.CSV;fog;12;a45d362ada99;a4:5d:36:2a:da:99;Created by FOG Reg on January 11, 2024, 11:20 am;DebRodrigo;Not Valid;17/01/2024;07:44:35;17/01/2024;07:47:27;2 minutes 52 seconds;Deploy;00:02:05
9.CSV;fog;13;a45d362aad1b;a4:5d:36:2a:ad:1b;Created by FOG Reg on January 11, 2024, 11:20 am;DebRodrigo;Not Valid;17/01/2024;07:44:38;17/01/2024;07:47:27;2 minutes 49 seconds;Deploy;00:02:05
9.CSV;fog;14;a45d362abd32;a4:5d:36:2a:bd:32;Created by FOG Reg on January 11, 2024, 11:20 am;DebRodrigo;Not Valid;17/01/2024;07:44:28;17/01/2024;07:47:26;2 minutes 58 seconds;Deploy;00:02:04
9.CSV;fog;16;a45d362a9df5;a4:5d:36:2a:9d:f5;Created by FOG Reg on January 11, 2024, 11:23 am;DebRodrigo;Not Valid;17/01/2024;07:44:35;17/01/2024;07:47:25;2 minutes 50 seconds;Deploy;00:02:03
9.CSV;fog;18;a45d362aadca;a4:5d:36:2a:ad:ca;Created by FOG Reg on January 12, 2024, 11:46 am;DebRodrigo;Not Valid;17/01/2024;07:44:32;17/01/2024;07:47:26;2 minutes 54 seconds;Deploy;00:02:04
