Nome da Origem;Host ID;Host Name;Host MAC;Host Desc;Image Name;Image Path;Start Date;Start Time;End Date;End Time;Duration;Deploy/Capture;Tempo
ImagingLog_e01.csv;2;a45d362abd33;a4:5d:36:2a:bd:33;Created by FOG Reg on January 11, 2024, 11:18 am;DebRodrigo;Not Valid;15/01/2024;08:31:12;15/01/2024;08:33:41;2 minutes 29 seconds;Deploy;00:02:29
ImagingLog_e01.csv;3;a45d362a91f6;a4:5d:36:2a:91:f6;Created by FOG Reg on January 11, 2024, 11:18 am;DebRodrigo;Not Valid;15/01/2024;08:31:15;15/01/2024;08:33:40;2 minutes 25 seconds;Deploy;00:02:25
ImagingLog_e01.csv;4;a45d362aad8f;a4:5d:36:2a:ad:8f;Created by FOG Reg on January 11, 2024, 11:18 am;DebRodrigo;Not Valid;15/01/2024;08:31:07;15/01/2024;08:33:38;2 minutes 31 seconds;Deploy;00:02:31
ImagingLog_e01.csv;5;a45d362a9db8;a4:5d:36:2a:9d:b8;Created by FOG Reg on January 11, 2024, 11:19 am;DebRodrigo;Not Valid;15/01/2024;08:31:12;15/01/2024;08:33:39;2 minutes 27 seconds;Deploy;00:02:27
ImagingLog_e01.csv;7;a45d362abd2b;a4:5d:36:2a:bd:2b;Created by FOG Reg on January 11, 2024, 11:20 am;DebRodrigo;Not Valid;15/01/2024;08:31:30;15/01/2024;08:33:39;2 minutes 9 seconds;Deploy;00:02:09
ImagingLog_e01.csv;8;a45d362aed83;a4:5d:36:2a:ed:83;Created by FOG Reg on January 11, 2024, 11:20 am;DebRodrigo;Not Valid;15/01/2024;08:31:31;15/01/2024;08:33:40;2 minutes 9 seconds;Deploy;00:02:09
ImagingLog_e01.csv;9;fc15b4d90f77;fc:15:b4:d9:0f:77;Created by FOG Reg on January 11, 2024, 11:20 am;DebRodrigo;Not Valid;15/01/2024;08:31:23;15/01/2024;08:33:39;2 minutes 16 seconds;Deploy;00:02:16
ImagingLog_e01.csv;10;a45d362abd9d;a4:5d:36:2a:bd:9d;Created by FOG Reg on January 11, 2024, 11:20 am;DebRodrigo;Not Valid;15/01/2024;08:31:24;15/01/2024;08:33:39;2 minutes 15 seconds;Deploy;00:02:15
ImagingLog_e01.csv;11;a45d362a9143;a4:5d:36:2a:91:43;Created by FOG Reg on January 11, 2024, 11:20 am;DebRodrigo;Not Valid;15/01/2024;08:31:34;15/01/2024;08:33:40;2 minutes 6 seconds;Deploy;00:02:06
ImagingLog_e01.csv;12;a45d362ada99;a4:5d:36:2a:da:99;Created by FOG Reg on January 11, 2024, 11:20 am;DebRodrigo;Not Valid;15/01/2024;08:31:39;15/01/2024;08:33:40;2 minutes 1 second;Deploy;00:02:01
ImagingLog_e01.csv;13;a45d362aad1b;a4:5d:36:2a:ad:1b;Created by FOG Reg on January 11, 2024, 11:20 am;DebRodrigo;Not Valid;15/01/2024;08:31:43;15/01/2024;08:33:39;1 minute 56 seconds;Deploy;00:01:56
ImagingLog_e01.csv;14;a45d362abd32;a4:5d:36:2a:bd:32;Created by FOG Reg on January 11, 2024, 11:20 am;DebRodrigo;Not Valid;15/01/2024;08:31:35;15/01/2024;08:33:39;2 minutes 4 seconds;Deploy;00:02:04
ImagingLog_e01.csv;16;a45d362a9df5;a4:5d:36:2a:9d:f5;Created by FOG Reg on January 11, 2024, 11:23 am;DebRodrigo;Not Valid;15/01/2024;08:31:02;15/01/2024;08:33:40;2 minutes 38 seconds;Deploy;00:02:38
ImagingLog_e01.csv;18;a45d362aadca;a4:5d:36:2a:ad:ca;Created by FOG Reg on January 12, 2024, 11:46 am;DebRodrigo;Not Valid;15/01/2024;08:31:32;15/01/2024;08:33:39;2 minutes 7 seconds;Deploy;00:02:07
ImagingLog_e02.csv;2;a45d362abd33;a4:5d:36:2a:bd:33;Created by FOG Reg on January 11, 2024, 11:18 am;DebRodrigo;Not Valid;15/01/2024;09:06:46;15/01/2024;09:09:05;2 minutes 19 seconds;Deploy;00:02:19
ImagingLog_e02.csv;3;a45d362a91f6;a4:5d:36:2a:91:f6;Created by FOG Reg on January 11, 2024, 11:18 am;DebRodrigo;Not Valid;15/01/2024;09:06:49;15/01/2024;09:09:06;2 minutes 17 seconds;Deploy;00:02:17
ImagingLog_e02.csv;4;a45d362aad8f;a4:5d:36:2a:ad:8f;Created by FOG Reg on January 11, 2024, 11:18 am;DebRodrigo;Not Valid;15/01/2024;09:06:39;15/01/2024;09:09:05;2 minutes 26 seconds;Deploy;00:02:26
ImagingLog_e02.csv;5;a45d362a9db8;a4:5d:36:2a:9d:b8;Created by FOG Reg on January 11, 2024, 11:19 am;DebRodrigo;Not Valid;15/01/2024;09:06:43;15/01/2024;09:09:06;2 minutes 23 seconds;Deploy;00:02:23
ImagingLog_e02.csv;7;a45d362abd2b;a4:5d:36:2a:bd:2b;Created by FOG Reg on January 11, 2024, 11:20 am;DebRodrigo;Not Valid;15/01/2024;09:07:04;15/01/2024;09:09:06;2 minutes 2 seconds;Deploy;00:02:02
ImagingLog_e02.csv;8;a45d362aed83;a4:5d:36:2a:ed:83;Created by FOG Reg on January 11, 2024, 11:20 am;DebRodrigo;Not Valid;15/01/2024;09:07:02;15/01/2024;09:09:04;2 minutes 2 seconds;Deploy;00:02:02
ImagingLog_e02.csv;9;fc15b4d90f77;fc:15:b4:d9:0f:77;Created by FOG Reg on January 11, 2024, 11:20 am;DebRodrigo;Not Valid;15/01/2024;09:06:57;15/01/2024;09:09:05;2 minutes 8 seconds;Deploy;00:02:08
ImagingLog_e02.csv;10;a45d362abd9d;a4:5d:36:2a:bd:9d;Created by FOG Reg on January 11, 2024, 11:20 am;DebRodrigo;Not Valid;15/01/2024;09:06:59;15/01/2024;09:09:05;2 minutes 6 seconds;Deploy;00:02:06
ImagingLog_e02.csv;11;a45d362a9143;a4:5d:36:2a:91:43;Created by FOG Reg on January 11, 2024, 11:20 am;DebRodrigo;Not Valid;15/01/2024;09:07:07;15/01/2024;09:09:04;1 minute 57 seconds;Deploy;00:01:57
ImagingLog_e02.csv;12;a45d362ada99;a4:5d:36:2a:da:99;Created by FOG Reg on January 11, 2024, 11:20 am;DebRodrigo;Not Valid;15/01/2024;09:07:10;15/01/2024;09:09:04;1 minute 54 seconds;Deploy;00:01:54
ImagingLog_e02.csv;13;a45d362aad1b;a4:5d:36:2a:ad:1b;Created by FOG Reg on January 11, 2024, 11:20 am;DebRodrigo;Not Valid;15/01/2024;09:07:23;15/01/2024;09:09:04;1 minute 41 seconds;Deploy;00:01:41
ImagingLog_e02.csv;14;a45d362abd32;a4:5d:36:2a:bd:32;Created by FOG Reg on January 11, 2024, 11:20 am;DebRodrigo;Not Valid;15/01/2024;09:07:08;15/01/2024;09:09:05;1 minute 57 seconds;Deploy;00:01:57
ImagingLog_e02.csv;16;a45d362a9df5;a4:5d:36:2a:9d:f5;Created by FOG Reg on January 11, 2024, 11:23 am;DebRodrigo;Not Valid;15/01/2024;09:06:36;15/01/2024;09:09:04;2 minutes 28 seconds;Deploy;00:02:28
ImagingLog_e02.csv;18;a45d362aadca;a4:5d:36:2a:ad:ca;Created by FOG Reg on January 12, 2024, 11:46 am;DebRodrigo;Not Valid;15/01/2024;09:07:06;15/01/2024;09:09:05;1 minute 59 seconds;Deploy;00:01:59
ImagingLog_e03.csv;2;a45d362abd33;a4:5d:36:2a:bd:33;Created by FOG Reg on January 11, 2024, 11:18 am;DebRodrigo;Not Valid;15/01/2024;09:25:29;15/01/2024;09:27:46;2 minutes 17 seconds;Deploy;00:02:17
ImagingLog_e03.csv;3;a45d362a91f6;a4:5d:36:2a:91:f6;Created by FOG Reg on January 11, 2024, 11:18 am;DebRodrigo;Not Valid;15/01/2024;09:25:30;15/01/2024;09:27:48;2 minutes 18 seconds;Deploy;00:02:18
ImagingLog_e03.csv;4;a45d362aad8f;a4:5d:36:2a:ad:8f;Created by FOG Reg on January 11, 2024, 11:18 am;DebRodrigo;Not Valid;15/01/2024;09:25:24;15/01/2024;09:27:46;2 minutes 22 seconds;Deploy;00:02:22
ImagingLog_e03.csv;5;a45d362a9db8;a4:5d:36:2a:9d:b8;Created by FOG Reg on January 11, 2024, 11:19 am;DebRodrigo;Not Valid;15/01/2024;09:25:28;15/01/2024;09:27:46;2 minutes 18 seconds;Deploy;00:02:18
ImagingLog_e03.csv;7;a45d362abd2b;a4:5d:36:2a:bd:2b;Created by FOG Reg on January 11, 2024, 11:20 am;DebRodrigo;Not Valid;15/01/2024;09:25:43;15/01/2024;09:27:46;2 minutes 3 seconds;Deploy;00:02:03
ImagingLog_e03.csv;8;a45d362aed83;a4:5d:36:2a:ed:83;Created by FOG Reg on January 11, 2024, 11:20 am;DebRodrigo;Not Valid;15/01/2024;09:25:45;15/01/2024;09:27:48;2 minutes 3 seconds;Deploy;00:02:03
ImagingLog_e03.csv;9;fc15b4d90f77;fc:15:b4:d9:0f:77;Created by FOG Reg on January 11, 2024, 11:20 am;DebRodrigo;Not Valid;15/01/2024;09:25:42;15/01/2024;09:27:47;2 minutes 5 seconds;Deploy;00:02:05
ImagingLog_e03.csv;10;a45d362abd9d;a4:5d:36:2a:bd:9d;Created by FOG Reg on January 11, 2024, 11:20 am;DebRodrigo;Not Valid;15/01/2024;09:25:42;15/01/2024;09:27:47;2 minutes 5 seconds;Deploy;00:02:05
ImagingLog_e03.csv;11;a45d362a9143;a4:5d:36:2a:91:43;Created by FOG Reg on January 11, 2024, 11:20 am;DebRodrigo;Not Valid;15/01/2024;09:26:02;15/01/2024;09:27:46;1 minute 44 seconds;Deploy;00:01:44
ImagingLog_e03.csv;12;a45d362ada99;a4:5d:36:2a:da:99;Created by FOG Reg on January 11, 2024, 11:20 am;DebRodrigo;Not Valid;15/01/2024;09:25:53;15/01/2024;09:27:47;1 minute 54 seconds;Deploy;00:01:54
ImagingLog_e03.csv;13;a45d362aad1b;a4:5d:36:2a:ad:1b;Created by FOG Reg on January 11, 2024, 11:20 am;DebRodrigo;Not Valid;15/01/2024;09:25:56;15/01/2024;09:27:48;1 minute 52 seconds;Deploy;00:01:52
ImagingLog_e03.csv;14;a45d362abd32;a4:5d:36:2a:bd:32;Created by FOG Reg on January 11, 2024, 11:20 am;DebRodrigo;Not Valid;15/01/2024;09:25:49;15/01/2024;09:27:48;1 minute 59 seconds;Deploy;00:01:59
ImagingLog_e03.csv;16;a45d362a9df5;a4:5d:36:2a:9d:f5;Created by FOG Reg on January 11, 2024, 11:23 am;DebRodrigo;Not Valid;15/01/2024;09:25:19;15/01/2024;09:27:46;2 minutes 27 seconds;Deploy;00:02:27
ImagingLog_e03.csv;18;a45d362aadca;a4:5d:36:2a:ad:ca;Created by FOG Reg on January 12, 2024, 11:46 am;DebRodrigo;Not Valid;15/01/2024;09:25:49;15/01/2024;09:27:47;1 minute 58 seconds;Deploy;00:01:58
ImagingLog_e04.csv;2;a45d362abd33;a4:5d:36:2a:bd:33;Created by FOG Reg on January 11, 2024, 11:18 am;DebRodrigo;Not Valid;15/01/2024;10:17:13;15/01/2024;10:20:07;2 minutes 54 seconds;Deploy;00:02:54
ImagingLog_e04.csv;3;a45d362a91f6;a4:5d:36:2a:91:f6;Created by FOG Reg on January 11, 2024, 11:18 am;DebRodrigo;Not Valid;15/01/2024;10:17:12;15/01/2024;10:20:05;2 minutes 53 seconds;Deploy;00:02:53
ImagingLog_e04.csv;4;a45d362aad8f;a4:5d:36:2a:ad:8f;Created by FOG Reg on January 11, 2024, 11:18 am;DebRodrigo;Not Valid;15/01/2024;10:17:08;15/01/2024;10:20:05;2 minutes 57 seconds;Deploy;00:02:57
ImagingLog_e04.csv;5;a45d362a9db8;a4:5d:36:2a:9d:b8;Created by FOG Reg on January 11, 2024, 11:19 am;DebRodrigo;Not Valid;15/01/2024;10:17:11;15/01/2024;10:20:04;2 minutes 53 seconds;Deploy;00:02:53
ImagingLog_e04.csv;7;a45d362abd2b;a4:5d:36:2a:bd:2b;Created by FOG Reg on January 11, 2024, 11:20 am;DebRodrigo;Not Valid;15/01/2024;10:17:26;15/01/2024;10:20:05;2 minutes 39 seconds;Deploy;00:02:39
ImagingLog_e04.csv;8;a45d362aed83;a4:5d:36:2a:ed:83;Created by FOG Reg on January 11, 2024, 11:20 am;DebRodrigo;Not Valid;15/01/2024;10:17:27;15/01/2024;10:20:04;2 minutes 37 seconds;Deploy;00:02:37
ImagingLog_e04.csv;9;fc15b4d90f77;fc:15:b4:d9:0f:77;Created by FOG Reg on January 11, 2024, 11:20 am;DebRodrigo;Not Valid;15/01/2024;10:17:22;15/01/2024;10:20:05;2 minutes 43 seconds;Deploy;00:02:43
ImagingLog_e04.csv;10;a45d362abd9d;a4:5d:36:2a:bd:9d;Created by FOG Reg on January 11, 2024, 11:20 am;DebRodrigo;Not Valid;15/01/2024;10:17:23;15/01/2024;10:20:05;2 minutes 42 seconds;Deploy;00:02:42
ImagingLog_e04.csv;11;a45d362a9143;a4:5d:36:2a:91:43;Created by FOG Reg on January 11, 2024, 11:20 am;DebRodrigo;Not Valid;15/01/2024;10:18:29;15/01/2024;10:20:06;1 minute 37 seconds;Deploy;00:01:37
ImagingLog_e04.csv;12;a45d362ada99;a4:5d:36:2a:da:99;Created by FOG Reg on January 11, 2024, 11:20 am;DebRodrigo;Not Valid;15/01/2024;10:17:33;15/01/2024;10:20:04;2 minutes 31 seconds;Deploy;00:02:31
ImagingLog_e04.csv;13;a45d362aad1b;a4:5d:36:2a:ad:1b;Created by FOG Reg on January 11, 2024, 11:20 am;DebRodrigo;Not Valid;15/01/2024;10:17:39;15/01/2024;10:20:06;2 minutes 27 seconds;Deploy;00:02:27
ImagingLog_e04.csv;14;a45d362abd32;a4:5d:36:2a:bd:32;Created by FOG Reg on January 11, 2024, 11:20 am;DebRodrigo;Not Valid;15/01/2024;10:17:30;15/01/2024;10:20:07;2 minutes 37 seconds;Deploy;00:02:37
ImagingLog_e04.csv;16;a45d362a9df5;a4:5d:36:2a:9d:f5;Created by FOG Reg on January 11, 2024, 11:23 am;DebRodrigo;Not Valid;15/01/2024;10:17:02;15/01/2024;10:20:06;3 minutes 4 seconds;Deploy;00:03:04
ImagingLog_e04.csv;18;a45d362aadca;a4:5d:36:2a:ad:ca;Created by FOG Reg on January 12, 2024, 11:46 am;DebRodrigo;Not Valid;15/01/2024;10:17:30;15/01/2024;10:20:06;2 minutes 36 seconds;Deploy;00:02:36
ImagingLog_e05.csv;2;a45d362abd33;a4:5d:36:2a:bd:33;Created by FOG Reg on January 11, 2024, 11:18 am;DebRodrigo;Not Valid;15/01/2024;10:32:31;15/01/2024;10:34:38;2 minutes 7 seconds;Deploy;00:02:07
ImagingLog_e05.csv;3;a45d362a91f6;a4:5d:36:2a:91:f6;Created by FOG Reg on January 11, 2024, 11:18 am;DebRodrigo;Not Valid;15/01/2024;10:32:45;15/01/2024;10:34:38;1 minute 53 seconds;Deploy;00:01:53
ImagingLog_e05.csv;4;a45d362aad8f;a4:5d:36:2a:ad:8f;Created by FOG Reg on January 11, 2024, 11:18 am;DebRodrigo;Not Valid;15/01/2024;10:32:25;15/01/2024;10:34:37;2 minutes 12 seconds;Deploy;00:02:12
ImagingLog_e05.csv;5;a45d362a9db8;a4:5d:36:2a:9d:b8;Created by FOG Reg on January 11, 2024, 11:19 am;DebRodrigo;Not Valid;15/01/2024;10:32:30;15/01/2024;10:34:37;2 minutes 7 seconds;Deploy;00:02:07
ImagingLog_e05.csv;7;a45d362abd2b;a4:5d:36:2a:bd:2b;Created by FOG Reg on January 11, 2024, 11:20 am;DebRodrigo;Not Valid;15/01/2024;10:32:44;15/01/2024;10:34:37;1 minute 53 seconds;Deploy;00:01:53
ImagingLog_e05.csv;8;a45d362aed83;a4:5d:36:2a:ed:83;Created by FOG Reg on January 11, 2024, 11:20 am;DebRodrigo;Not Valid;15/01/2024;10:32:45;15/01/2024;10:34:38;1 minute 53 seconds;Deploy;00:01:53
ImagingLog_e05.csv;9;fc15b4d90f77;fc:15:b4:d9:0f:77;Created by FOG Reg on January 11, 2024, 11:20 am;DebRodrigo;Not Valid;15/01/2024;10:32:40;15/01/2024;10:34:38;1 minute 58 seconds;Deploy;00:01:58
ImagingLog_e05.csv;10;a45d362abd9d;a4:5d:36:2a:bd:9d;Created by FOG Reg on January 11, 2024, 11:20 am;DebRodrigo;Not Valid;15/01/2024;10:32:41;15/01/2024;10:34:37;1 minute 56 seconds;Deploy;00:01:56
ImagingLog_e05.csv;11;a45d362a9143;a4:5d:36:2a:91:43;Created by FOG Reg on January 11, 2024, 11:20 am;DebRodrigo;Not Valid;15/01/2024;10:32:54;15/01/2024;10:34:37;1 minute 43 seconds;Deploy;00:01:43
ImagingLog_e05.csv;12;a45d362ada99;a4:5d:36:2a:da:99;Created by FOG Reg on January 11, 2024, 11:20 am;DebRodrigo;Not Valid;15/01/2024;10:32:54;15/01/2024;10:34:38;1 minute 44 seconds;Deploy;00:01:44
ImagingLog_e05.csv;13;a45d362aad1b;a4:5d:36:2a:ad:1b;Created by FOG Reg on January 11, 2024, 11:20 am;DebRodrigo;Not Valid;15/01/2024;10:32:58;15/01/2024;10:34:38;1 minute 40 seconds;Deploy;00:01:40
ImagingLog_e05.csv;14;a45d362abd32;a4:5d:36:2a:bd:32;Created by FOG Reg on January 11, 2024, 11:20 am;DebRodrigo;Not Valid;15/01/2024;10:32:43;15/01/2024;10:34:37;1 minute 54 seconds;Deploy;00:01:54
ImagingLog_e05.csv;16;a45d362a9df5;a4:5d:36:2a:9d:f5;Created by FOG Reg on January 11, 2024, 11:23 am;DebRodrigo;Not Valid;15/01/2024;10:32:19;15/01/2024;10:34:38;2 minutes 19 seconds;Deploy;00:02:19
ImagingLog_e05.csv;18;a45d362aadca;a4:5d:36:2a:ad:ca;Created by FOG Reg on January 12, 2024, 11:46 am;DebRodrigo;Not Valid;15/01/2024;10:32:54;15/01/2024;10:34:38;1 minute 44 seconds;Deploy;00:01:44
ImagingLog_e06.csv;2;a45d362abd33;a4:5d:36:2a:bd:33;Created by FOG Reg on January 11, 2024, 11:18 am;DebRodrigo;Not Valid;15/01/2024;10:51:09;15/01/2024;10:52:47;1 minute 38 seconds;Deploy;00:01:38
ImagingLog_e06.csv;3;a45d362a91f6;a4:5d:36:2a:91:f6;Created by FOG Reg on January 11, 2024, 11:18 am;DebRodrigo;Not Valid;15/01/2024;10:50:48;15/01/2024;10:52:48;2 minutes ;Deploy;00:02:00
ImagingLog_e06.csv;4;a45d362aad8f;a4:5d:36:2a:ad:8f;Created by FOG Reg on January 11, 2024, 11:18 am;DebRodrigo;Not Valid;15/01/2024;10:50:40;15/01/2024;10:52:46;2 minutes 6 seconds;Deploy;00:02:06
ImagingLog_e06.csv;5;a45d362a9db8;a4:5d:36:2a:9d:b8;Created by FOG Reg on January 11, 2024, 11:19 am;DebRodrigo;Not Valid;15/01/2024;10:50:45;15/01/2024;10:52:47;2 minutes 2 seconds;Deploy;00:02:02
ImagingLog_e06.csv;7;a45d362abd2b;a4:5d:36:2a:bd:2b;Created by FOG Reg on January 11, 2024, 11:20 am;DebRodrigo;Not Valid;15/01/2024;10:50:17;15/01/2024;10:52:48;2 minutes 31 seconds;Deploy;00:02:31
ImagingLog_e06.csv;8;a45d362aed83;a4:5d:36:2a:ed:83;Created by FOG Reg on January 11, 2024, 11:20 am;DebRodrigo;Not Valid;15/01/2024;10:50:21;15/01/2024;10:52:48;2 minutes 27 seconds;Deploy;00:02:27
ImagingLog_e06.csv;9;fc15b4d90f77;fc:15:b4:d9:0f:77;Created by FOG Reg on January 11, 2024, 11:20 am;DebRodrigo;Not Valid;15/01/2024;10:50:19;15/01/2024;10:52:47;2 minutes 28 seconds;Deploy;00:02:28
ImagingLog_e06.csv;10;a45d362abd9d;a4:5d:36:2a:bd:9d;Created by FOG Reg on January 11, 2024, 11:20 am;DebRodrigo;Not Valid;15/01/2024;10:50:24;15/01/2024;10:52:48;2 minutes 24 seconds;Deploy;00:02:24
ImagingLog_e06.csv;11;a45d362a9143;a4:5d:36:2a:91:43;Created by FOG Reg on January 11, 2024, 11:20 am;DebRodrigo;Not Valid;15/01/2024;10:50:23;15/01/2024;10:52:47;2 minutes 24 seconds;Deploy;00:02:24
ImagingLog_e06.csv;12;a45d362ada99;a4:5d:36:2a:da:99;Created by FOG Reg on January 11, 2024, 11:20 am;DebRodrigo;Not Valid;15/01/2024;10:50:22;15/01/2024;10:52:46;2 minutes 24 seconds;Deploy;00:02:24
ImagingLog_e06.csv;13;a45d362aad1b;a4:5d:36:2a:ad:1b;Created by FOG Reg on January 11, 2024, 11:20 am;DebRodrigo;Not Valid;15/01/2024;10:50:29;15/01/2024;10:52:47;2 minutes 18 seconds;Deploy;00:02:18
ImagingLog_e06.csv;14;a45d362abd32;a4:5d:36:2a:bd:32;Created by FOG Reg on January 11, 2024, 11:20 am;DebRodrigo;Not Valid;15/01/2024;10:50:20;15/01/2024;10:52:47;2 minutes 27 seconds;Deploy;00:02:27
ImagingLog_e06.csv;16;a45d362a9df5;a4:5d:36:2a:9d:f5;Created by FOG Reg on January 11, 2024, 11:23 am;DebRodrigo;Not Valid;15/01/2024;10:50:43;15/01/2024;10:52:48;2 minutes 5 seconds;Deploy;00:02:05
ImagingLog_e06.csv;18;a45d362aadca;a4:5d:36:2a:ad:ca;Created by FOG Reg on January 12, 2024, 11:46 am;DebRodrigo;Not Valid;15/01/2024;10:50:19;15/01/2024;10:52:48;2 minutes 29 seconds;Deploy;00:02:29
ImagingLog_e07.csv;2;a45d362abd33;a4:5d:36:2a:bd:33;Created by FOG Reg on January 11, 2024, 11:18 am;DebRodrigo;Not Valid;16/01/2024;06:52:48;16/01/2024;06:55:57;3 minutes 9 seconds;Deploy;00:03:09
ImagingLog_e07.csv;3;a45d362a91f6;a4:5d:36:2a:91:f6;Created by FOG Reg on January 11, 2024, 11:18 am;DebRodrigo;Not Valid;16/01/2024;06:52:52;16/01/2024;06:55:59;3 minutes 7 seconds;Deploy;00:03:07
ImagingLog_e07.csv;4;a45d362aad8f;a4:5d:36:2a:ad:8f;Created by FOG Reg on January 11, 2024, 11:18 am;DebRodrigo;Not Valid;16/01/2024;06:52:40;16/01/2024;06:55:58;3 minutes 18 seconds;Deploy;00:03:18
ImagingLog_e07.csv;5;a45d362a9db8;a4:5d:36:2a:9d:b8;Created by FOG Reg on January 11, 2024, 11:19 am;DebRodrigo;Not Valid;16/01/2024;06:52:46;16/01/2024;06:55:57;3 minutes 11 seconds;Deploy;00:03:11
ImagingLog_e07.csv;7;a45d362abd2b;a4:5d:36:2a:bd:2b;Created by FOG Reg on January 11, 2024, 11:20 am;DebRodrigo;Not Valid;16/01/2024;06:53:52;16/01/2024;06:55:58;2 minutes 6 seconds;Deploy;00:02:06
ImagingLog_e07.csv;8;a45d362aed83;a4:5d:36:2a:ed:83;Created by FOG Reg on January 11, 2024, 11:20 am;DebRodrigo;Not Valid;16/01/2024;06:53:04;16/01/2024;06:55:58;2 minutes 54 seconds;Deploy;00:02:54
ImagingLog_e07.csv;9;fc15b4d90f77;fc:15:b4:d9:0f:77;Created by FOG Reg on January 11, 2024, 11:20 am;DebRodrigo;Not Valid;16/01/2024;06:53:03;16/01/2024;06:55:59;2 minutes 56 seconds;Deploy;00:02:56
ImagingLog_e07.csv;10;a45d362abd9d;a4:5d:36:2a:bd:9d;Created by FOG Reg on January 11, 2024, 11:20 am;DebRodrigo;Not Valid;16/01/2024;06:53:02;16/01/2024;06:55:58;2 minutes 56 seconds;Deploy;00:02:56
ImagingLog_e07.csv;11;a45d362a9143;a4:5d:36:2a:91:43;Created by FOG Reg on January 11, 2024, 11:20 am;DebRodrigo;Not Valid;16/01/2024;06:53:10;16/01/2024;06:55:58;2 minutes 48 seconds;Deploy;00:02:48
ImagingLog_e07.csv;12;a45d362ada99;a4:5d:36:2a:da:99;Created by FOG Reg on January 11, 2024, 11:20 am;DebRodrigo;Not Valid;16/01/2024;06:53:13;16/01/2024;06:55:58;2 minutes 45 seconds;Deploy;00:02:45
ImagingLog_e07.csv;13;a45d362aad1b;a4:5d:36:2a:ad:1b;Created by FOG Reg on January 11, 2024, 11:20 am;DebRodrigo;Not Valid;16/01/2024;06:53:16;16/01/2024;06:55:58;2 minutes 42 seconds;Deploy;00:02:42
ImagingLog_e07.csv;14;a45d362abd32;a4:5d:36:2a:bd:32;Created by FOG Reg on January 11, 2024, 11:20 am;DebRodrigo;Not Valid;16/01/2024;06:53:08;16/01/2024;06:55:57;2 minutes 49 seconds;Deploy;00:02:49
ImagingLog_e07.csv;16;a45d362a9df5;a4:5d:36:2a:9d:f5;Created by FOG Reg on January 11, 2024, 11:23 am;DebRodrigo;Not Valid;16/01/2024;06:52:36;16/01/2024;06:55:58;3 minutes 22 seconds;Deploy;00:03:22
ImagingLog_e07.csv;18;a45d362aadca;a4:5d:36:2a:ad:ca;Created by FOG Reg on January 12, 2024, 11:46 am;DebRodrigo;Not Valid;16/01/2024;06:53:08;16/01/2024;06:55:58;2 minutes 50 seconds;Deploy;00:02:50
ImagingLog_e08.csv;2;a45d362abd33;a4:5d:36:2a:bd:33;Created by FOG Reg on January 11, 2024, 11:18 am;DebRodrigo;Not Valid;16/01/2024;07:01:09;16/01/2024;07:04:01;2 minutes 52 seconds;Deploy;00:02:52
ImagingLog_e08.csv;3;a45d362a91f6;a4:5d:36:2a:91:f6;Created by FOG Reg on January 11, 2024, 11:18 am;DebRodrigo;Not Valid;16/01/2024;07:01:13;16/01/2024;07:04:00;2 minutes 47 seconds;Deploy;00:02:47
ImagingLog_e08.csv;4;a45d362aad8f;a4:5d:36:2a:ad:8f;Created by FOG Reg on January 11, 2024, 11:18 am;DebRodrigo;Not Valid;16/01/2024;07:01:05;16/01/2024;07:03:59;2 minutes 54 seconds;Deploy;00:02:54
ImagingLog_e08.csv;5;a45d362a9db8;a4:5d:36:2a:9d:b8;Created by FOG Reg on January 11, 2024, 11:19 am;DebRodrigo;Not Valid;16/01/2024;07:01:10;16/01/2024;07:04:02;2 minutes 52 seconds;Deploy;00:02:52
ImagingLog_e08.csv;7;a45d362abd2b;a4:5d:36:2a:bd:2b;Created by FOG Reg on January 11, 2024, 11:20 am;DebRodrigo;Not Valid;16/01/2024;07:01:55;16/01/2024;07:03:59;2 minutes 4 seconds;Deploy;00:02:04
ImagingLog_e08.csv;8;a45d362aed83;a4:5d:36:2a:ed:83;Created by FOG Reg on January 11, 2024, 11:20 am;DebRodrigo;Not Valid;16/01/2024;07:01:12;16/01/2024;07:04:00;2 minutes 48 seconds;Deploy;00:02:48
ImagingLog_e08.csv;9;fc15b4d90f77;fc:15:b4:d9:0f:77;Created by FOG Reg on January 11, 2024, 11:20 am;DebRodrigo;Not Valid;16/01/2024;07:01:06;16/01/2024;07:03:59;2 minutes 53 seconds;Deploy;00:02:53
ImagingLog_e08.csv;10;a45d362abd9d;a4:5d:36:2a:bd:9d;Created by FOG Reg on January 11, 2024, 11:20 am;DebRodrigo;Not Valid;16/01/2024;07:01:09;16/01/2024;07:04:00;2 minutes 51 seconds;Deploy;00:02:51
ImagingLog_e08.csv;11;a45d362a9143;a4:5d:36:2a:91:43;Created by FOG Reg on January 11, 2024, 11:20 am;DebRodrigo;Not Valid;16/01/2024;07:01:09;16/01/2024;07:04:01;2 minutes 52 seconds;Deploy;00:02:52
ImagingLog_e08.csv;12;a45d362ada99;a4:5d:36:2a:da:99;Created by FOG Reg on January 11, 2024, 11:20 am;DebRodrigo;Not Valid;16/01/2024;07:01:06;16/01/2024;07:04:00;2 minutes 54 seconds;Deploy;00:02:54
ImagingLog_e08.csv;13;a45d362aad1b;a4:5d:36:2a:ad:1b;Created by FOG Reg on January 11, 2024, 11:20 am;DebRodrigo;Not Valid;16/01/2024;07:01:09;16/01/2024;07:04:00;2 minutes 51 seconds;Deploy;00:02:51
ImagingLog_e08.csv;14;a45d362abd32;a4:5d:36:2a:bd:32;Created by FOG Reg on January 11, 2024, 11:20 am;DebRodrigo;Not Valid;16/01/2024;07:01:00;16/01/2024;07:03:59;2 minutes 59 seconds;Deploy;00:02:59
ImagingLog_e08.csv;16;a45d362a9df5;a4:5d:36:2a:9d:f5;Created by FOG Reg on January 11, 2024, 11:23 am;DebRodrigo;Not Valid;16/01/2024;07:01:08;16/01/2024;07:04:00;2 minutes 52 seconds;Deploy;00:02:52
ImagingLog_e08.csv;18;a45d362aadca;a4:5d:36:2a:ad:ca;Created by FOG Reg on January 12, 2024, 11:46 am;DebRodrigo;Not Valid;16/01/2024;07:01:09;16/01/2024;07:04:01;2 minutes 52 seconds;Deploy;00:02:52
ImagingLog_e09.csv;2;a45d362abd33;a4:5d:36:2a:bd:33;Created by FOG Reg on January 11, 2024, 11:18 am;DebRodrigo;Not Valid;16/01/2024;07:08:57;16/01/2024;07:11:54;2 minutes 57 seconds;Deploy;00:02:57
ImagingLog_e09.csv;3;a45d362a91f6;a4:5d:36:2a:91:f6;Created by FOG Reg on January 11, 2024, 11:18 am;DebRodrigo;Not Valid;16/01/2024;07:08:58;16/01/2024;07:11:54;2 minutes 56 seconds;Deploy;00:02:56
ImagingLog_e09.csv;4;a45d362aad8f;a4:5d:36:2a:ad:8f;Created by FOG Reg on January 11, 2024, 11:18 am;DebRodrigo;Not Valid;16/01/2024;07:08:55;16/01/2024;07:11:55;3 minutes ;Deploy;00:03:00
ImagingLog_e09.csv;5;a45d362a9db8;a4:5d:36:2a:9d:b8;Created by FOG Reg on January 11, 2024, 11:19 am;DebRodrigo;Not Valid;16/01/2024;07:08:58;16/01/2024;07:11:54;2 minutes 56 seconds;Deploy;00:02:56
ImagingLog_e09.csv;7;a45d362abd2b;a4:5d:36:2a:bd:2b;Created by FOG Reg on January 11, 2024, 11:20 am;DebRodrigo;Not Valid;16/01/2024;07:09:45;16/01/2024;07:11:55;2 minutes 10 seconds;Deploy;00:02:10
ImagingLog_e09.csv;8;a45d362aed83;a4:5d:36:2a:ed:83;Created by FOG Reg on January 11, 2024, 11:20 am;DebRodrigo;Not Valid;16/01/2024;07:09:01;16/01/2024;07:11:56;2 minutes 55 seconds;Deploy;00:02:55
ImagingLog_e09.csv;9;fc15b4d90f77;fc:15:b4:d9:0f:77;Created by FOG Reg on January 11, 2024, 11:20 am;DebRodrigo;Not Valid;16/01/2024;07:08:59;16/01/2024;07:11:54;2 minutes 55 seconds;Deploy;00:02:55
ImagingLog_e09.csv;10;a45d362abd9d;a4:5d:36:2a:bd:9d;Created by FOG Reg on January 11, 2024, 11:20 am;DebRodrigo;Not Valid;16/01/2024;07:08:58;16/01/2024;07:11:55;2 minutes 57 seconds;Deploy;00:02:57
ImagingLog_e09.csv;11;a45d362a9143;a4:5d:36:2a:91:43;Created by FOG Reg on January 11, 2024, 11:20 am;DebRodrigo;Not Valid;16/01/2024;07:08:56;16/01/2024;07:11:55;2 minutes 59 seconds;Deploy;00:02:59
ImagingLog_e09.csv;12;a45d362ada99;a4:5d:36:2a:da:99;Created by FOG Reg on January 11, 2024, 11:20 am;DebRodrigo;Not Valid;16/01/2024;07:08:59;16/01/2024;07:11:55;2 minutes 56 seconds;Deploy;00:02:56
ImagingLog_e09.csv;13;a45d362aad1b;a4:5d:36:2a:ad:1b;Created by FOG Reg on January 11, 2024, 11:20 am;DebRodrigo;Not Valid;16/01/2024;07:09:01;16/01/2024;07:11:55;2 minutes 54 seconds;Deploy;00:02:54
ImagingLog_e09.csv;14;a45d362abd32;a4:5d:36:2a:bd:32;Created by FOG Reg on January 11, 2024, 11:20 am;DebRodrigo;Not Valid;16/01/2024;07:08:51;16/01/2024;07:11:55;3 minutes 4 seconds;Deploy;00:03:04
ImagingLog_e09.csv;16;a45d362a9df5;a4:5d:36:2a:9d:f5;Created by FOG Reg on January 11, 2024, 11:23 am;DebRodrigo;Not Valid;16/01/2024;07:08:57;16/01/2024;07:11:55;2 minutes 58 seconds;Deploy;00:02:58
ImagingLog_e09.csv;18;a45d362aadca;a4:5d:36:2a:ad:ca;Created by FOG Reg on January 12, 2024, 11:46 am;DebRodrigo;Not Valid;16/01/2024;07:09:02;16/01/2024;07:11:55;2 minutes 53 seconds;Deploy;00:02:53
ImagingLog_e10.csv;2;a45d362abd33;a4:5d:36:2a:bd:33;Created by FOG Reg on January 11, 2024, 11:18 am;DebRodrigo;Not Valid;16/01/2024;07:17:51;16/01/2024;07:20:41;2 minutes 50 seconds;Deploy;00:02:50
ImagingLog_e10.csv;3;a45d362a91f6;a4:5d:36:2a:91:f6;Created by FOG Reg on January 11, 2024, 11:18 am;DebRodrigo;Not Valid;16/01/2024;07:17:54;16/01/2024;07:20:42;2 minutes 48 seconds;Deploy;00:02:48
ImagingLog_e10.csv;4;a45d362aad8f;a4:5d:36:2a:ad:8f;Created by FOG Reg on January 11, 2024, 11:18 am;DebRodrigo;Not Valid;16/01/2024;07:17:47;16/01/2024;07:20:41;2 minutes 54 seconds;Deploy;00:02:54
ImagingLog_e10.csv;5;a45d362a9db8;a4:5d:36:2a:9d:b8;Created by FOG Reg on January 11, 2024, 11:19 am;DebRodrigo;Not Valid;16/01/2024;07:17:52;16/01/2024;07:20:43;2 minutes 51 seconds;Deploy;00:02:51
ImagingLog_e10.csv;7;a45d362abd2b;a4:5d:36:2a:bd:2b;Created by FOG Reg on January 11, 2024, 11:20 am;DebRodrigo;Not Valid;16/01/2024;07:18:37;16/01/2024;07:20:41;2 minutes 4 seconds;Deploy;00:02:04
ImagingLog_e10.csv;8;a45d362aed83;a4:5d:36:2a:ed:83;Created by FOG Reg on January 11, 2024, 11:20 am;DebRodrigo;Not Valid;16/01/2024;07:17:51;16/01/2024;07:20:42;2 minutes 51 seconds;Deploy;00:02:51
ImagingLog_e10.csv;9;fc15b4d90f77;fc:15:b4:d9:0f:77;Created by FOG Reg on January 11, 2024, 11:20 am;DebRodrigo;Not Valid;16/01/2024;07:17:47;16/01/2024;07:20:43;2 minutes 56 seconds;Deploy;00:02:56
ImagingLog_e10.csv;10;a45d362abd9d;a4:5d:36:2a:bd:9d;Created by FOG Reg on January 11, 2024, 11:20 am;DebRodrigo;Not Valid;16/01/2024;07:17:51;16/01/2024;07:20:42;2 minutes 51 seconds;Deploy;00:02:51
ImagingLog_e10.csv;11;a45d362a9143;a4:5d:36:2a:91:43;Created by FOG Reg on January 11, 2024, 11:20 am;DebRodrigo;Not Valid;16/01/2024;07:17:48;16/01/2024;07:20:42;2 minutes 54 seconds;Deploy;00:02:54
ImagingLog_e10.csv;12;a45d362ada99;a4:5d:36:2a:da:99;Created by FOG Reg on January 11, 2024, 11:20 am;DebRodrigo;Not Valid;16/01/2024;07:17:50;16/01/2024;07:20:41;2 minutes 51 seconds;Deploy;00:02:51
ImagingLog_e10.csv;13;a45d362aad1b;a4:5d:36:2a:ad:1b;Created by FOG Reg on January 11, 2024, 11:20 am;DebRodrigo;Not Valid;16/01/2024;07:17:51;16/01/2024;07:20:42;2 minutes 51 seconds;Deploy;00:02:51
ImagingLog_e10.csv;14;a45d362abd32;a4:5d:36:2a:bd:32;Created by FOG Reg on January 11, 2024, 11:20 am;DebRodrigo;Not Valid;16/01/2024;07:17:43;16/01/2024;07:20:42;2 minutes 59 seconds;Deploy;00:02:59
ImagingLog_e10.csv;16;a45d362a9df5;a4:5d:36:2a:9d:f5;Created by FOG Reg on January 11, 2024, 11:23 am;DebRodrigo;Not Valid;16/01/2024;07:17:51;16/01/2024;07:20:42;2 minutes 51 seconds;Deploy;00:02:51
ImagingLog_e10.csv;18;a45d362aadca;a4:5d:36:2a:ad:ca;Created by FOG Reg on January 12, 2024, 11:46 am;DebRodrigo;Not Valid;16/01/2024;07:17:52;16/01/2024;07:20:42;2 minutes 50 seconds;Deploy;00:02:50
ImagingLog_e11.csv;2;a45d362abd33;a4:5d:36:2a:bd:33;Created by FOG Reg on January 11, 2024, 11:18 am;DebRodrigo;Not Valid;16/01/2024;07:24:44;16/01/2024;07:27:36;2 minutes 52 seconds;Deploy;00:02:52
ImagingLog_e11.csv;3;a45d362a91f6;a4:5d:36:2a:91:f6;Created by FOG Reg on January 11, 2024, 11:18 am;DebRodrigo;Not Valid;16/01/2024;07:24:47;16/01/2024;07:27:36;2 minutes 49 seconds;Deploy;00:02:49
ImagingLog_e11.csv;4;a45d362aad8f;a4:5d:36:2a:ad:8f;Created by FOG Reg on January 11, 2024, 11:18 am;DebRodrigo;Not Valid;16/01/2024;07:24:39;16/01/2024;07:27:35;2 minutes 56 seconds;Deploy;00:02:56
ImagingLog_e11.csv;5;a45d362a9db8;a4:5d:36:2a:9d:b8;Created by FOG Reg on January 11, 2024, 11:19 am;DebRodrigo;Not Valid;16/01/2024;07:24:46;16/01/2024;07:27:35;2 minutes 49 seconds;Deploy;00:02:49
ImagingLog_e11.csv;7;a45d362abd2b;a4:5d:36:2a:bd:2b;Created by FOG Reg on January 11, 2024, 11:20 am;DebRodrigo;Not Valid;16/01/2024;07:25:30;16/01/2024;07:27:36;2 minutes 6 seconds;Deploy;00:02:06
ImagingLog_e11.csv;8;a45d362aed83;a4:5d:36:2a:ed:83;Created by FOG Reg on January 11, 2024, 11:20 am;DebRodrigo;Not Valid;16/01/2024;07:24:48;16/01/2024;07:27:37;2 minutes 49 seconds;Deploy;00:02:49
ImagingLog_e11.csv;9;fc15b4d90f77;fc:15:b4:d9:0f:77;Created by FOG Reg on January 11, 2024, 11:20 am;DebRodrigo;Not Valid;16/01/2024;07:24:42;16/01/2024;07:27:35;2 minutes 53 seconds;Deploy;00:02:53
ImagingLog_e11.csv;10;a45d362abd9d;a4:5d:36:2a:bd:9d;Created by FOG Reg on January 11, 2024, 11:20 am;DebRodrigo;Not Valid;16/01/2024;07:24:44;16/01/2024;07:27:37;2 minutes 53 seconds;Deploy;00:02:53
ImagingLog_e11.csv;11;a45d362a9143;a4:5d:36:2a:91:43;Created by FOG Reg on January 11, 2024, 11:20 am;DebRodrigo;Not Valid;16/01/2024;07:24:42;16/01/2024;07:27:35;2 minutes 53 seconds;Deploy;00:02:53
ImagingLog_e11.csv;12;a45d362ada99;a4:5d:36:2a:da:99;Created by FOG Reg on January 11, 2024, 11:20 am;DebRodrigo;Not Valid;16/01/2024;07:24:44;16/01/2024;07:27:37;2 minutes 53 seconds;Deploy;00:02:53
ImagingLog_e11.csv;13;a45d362aad1b;a4:5d:36:2a:ad:1b;Created by FOG Reg on January 11, 2024, 11:20 am;DebRodrigo;Not Valid;16/01/2024;07:24:47;16/01/2024;07:27:35;2 minutes 48 seconds;Deploy;00:02:48
ImagingLog_e11.csv;14;a45d362abd32;a4:5d:36:2a:bd:32;Created by FOG Reg on January 11, 2024, 11:20 am;DebRodrigo;Not Valid;16/01/2024;07:24:37;16/01/2024;07:27:35;2 minutes 58 seconds;Deploy;00:02:58
ImagingLog_e11.csv;16;a45d362a9df5;a4:5d:36:2a:9d:f5;Created by FOG Reg on January 11, 2024, 11:23 am;DebRodrigo;Not Valid;16/01/2024;07:24:43;16/01/2024;07:27:37;2 minutes 54 seconds;Deploy;00:02:54
ImagingLog_e11.csv;18;a45d362aadca;a4:5d:36:2a:ad:ca;Created by FOG Reg on January 12, 2024, 11:46 am;DebRodrigo;Not Valid;16/01/2024;07:24:46;16/01/2024;07:27:36;2 minutes 50 seconds;Deploy;00:02:50
ImagingLog_e12.csv;2;a45d362abd33;a4:5d:36:2a:bd:33;Created by FOG Reg on January 11, 2024, 11:18 am;DebRodrigo;Not Valid;16/01/2024;07:33:10;16/01/2024;07:36:25;3 minutes 15 seconds;Deploy;00:03:15
ImagingLog_e12.csv;3;a45d362a91f6;a4:5d:36:2a:91:f6;Created by FOG Reg on January 11, 2024, 11:18 am;DebRodrigo;Not Valid;16/01/2024;07:33:14;16/01/2024;07:36:26;3 minutes 12 seconds;Deploy;00:03:12
ImagingLog_e12.csv;4;a45d362aad8f;a4:5d:36:2a:ad:8f;Created by FOG Reg on January 11, 2024, 11:18 am;DebRodrigo;Not Valid;16/01/2024;07:33:08;16/01/2024;07:36:25;3 minutes 17 seconds;Deploy;00:03:17
ImagingLog_e12.csv;5;a45d362a9db8;a4:5d:36:2a:9d:b8;Created by FOG Reg on January 11, 2024, 11:19 am;DebRodrigo;Not Valid;16/01/2024;07:33:11;16/01/2024;07:36:26;3 minutes 15 seconds;Deploy;00:03:15
ImagingLog_e12.csv;7;a45d362abd2b;a4:5d:36:2a:bd:2b;Created by FOG Reg on January 11, 2024, 11:20 am;DebRodrigo;Not Valid;16/01/2024;07:33:54;16/01/2024;07:36:26;2 minutes 32 seconds;Deploy;00:02:32
ImagingLog_e12.csv;8;a45d362aed83;a4:5d:36:2a:ed:83;Created by FOG Reg on January 11, 2024, 11:20 am;DebRodrigo;Not Valid;16/01/2024;07:33:13;16/01/2024;07:36:26;3 minutes 13 seconds;Deploy;00:03:13
ImagingLog_e12.csv;9;fc15b4d90f77;fc:15:b4:d9:0f:77;Created by FOG Reg on January 11, 2024, 11:20 am;DebRodrigo;Not Valid;16/01/2024;07:33:11;16/01/2024;07:36:27;3 minutes 16 seconds;Deploy;00:03:16
ImagingLog_e12.csv;10;a45d362abd9d;a4:5d:36:2a:bd:9d;Created by FOG Reg on January 11, 2024, 11:20 am;DebRodrigo;Not Valid;16/01/2024;07:33:11;16/01/2024;07:36:25;3 minutes 14 seconds;Deploy;00:03:14
ImagingLog_e12.csv;11;a45d362a9143;a4:5d:36:2a:91:43;Created by FOG Reg on January 11, 2024, 11:20 am;DebRodrigo;Not Valid;16/01/2024;07:34:21;16/01/2024;07:36:28;2 minutes 7 seconds;Deploy;00:02:07
ImagingLog_e12.csv;12;a45d362ada99;a4:5d:36:2a:da:99;Created by FOG Reg on January 11, 2024, 11:20 am;DebRodrigo;Not Valid;16/01/2024;07:34:20;16/01/2024;07:36:27;2 minutes 7 seconds;Deploy;00:02:07
ImagingLog_e12.csv;13;a45d362aad1b;a4:5d:36:2a:ad:1b;Created by FOG Reg on January 11, 2024, 11:20 am;DebRodrigo;Not Valid;16/01/2024;07:34:21;16/01/2024;07:36:27;2 minutes 6 seconds;Deploy;00:02:06
ImagingLog_e12.csv;14;a45d362abd32;a4:5d:36:2a:bd:32;Created by FOG Reg on January 11, 2024, 11:20 am;DebRodrigo;Not Valid;16/01/2024;07:34:12;16/01/2024;07:36:27;2 minutes 15 seconds;Deploy;00:02:15
ImagingLog_e12.csv;16;a45d362a9df5;a4:5d:36:2a:9d:f5;Created by FOG Reg on January 11, 2024, 11:23 am;DebRodrigo;Not Valid;16/01/2024;07:33:10;16/01/2024;07:36:28;3 minutes 18 seconds;Deploy;00:03:18
ImagingLog_e12.csv;18;a45d362aadca;a4:5d:36:2a:ad:ca;Created by FOG Reg on January 12, 2024, 11:46 am;DebRodrigo;Not Valid;16/01/2024;07:33:15;16/01/2024;07:36:25;3 minutes 10 seconds;Deploy;00:03:10
ImagingLog_e13.csv;2;a45d362abd33;a4:5d:36:2a:bd:33;Created by FOG Reg on January 11, 2024, 11:18 am;DebRodrigo;Not Valid;16/01/2024;07:42:13;16/01/2024;07:45:06;2 minutes 53 seconds;Deploy;00:02:53
ImagingLog_e13.csv;3;a45d362a91f6;a4:5d:36:2a:91:f6;Created by FOG Reg on January 11, 2024, 11:18 am;DebRodrigo;Not Valid;16/01/2024;07:42:17;16/01/2024;07:45:07;2 minutes 50 seconds;Deploy;00:02:50
ImagingLog_e13.csv;4;a45d362aad8f;a4:5d:36:2a:ad:8f;Created by FOG Reg on January 11, 2024, 11:18 am;DebRodrigo;Not Valid;16/01/2024;07:41:37;16/01/2024;07:45:07;3 minutes 30 seconds;Deploy;00:03:30
ImagingLog_e13.csv;5;a45d362a9db8;a4:5d:36:2a:9d:b8;Created by FOG Reg on January 11, 2024, 11:19 am;DebRodrigo;Not Valid;16/01/2024;07:42:15;16/01/2024;07:45:06;2 minutes 51 seconds;Deploy;00:02:51
ImagingLog_e13.csv;7;a45d362abd2b;a4:5d:36:2a:bd:2b;Created by FOG Reg on January 11, 2024, 11:20 am;DebRodrigo;Not Valid;16/01/2024;07:43:00;16/01/2024;07:45:07;2 minutes 7 seconds;Deploy;00:02:07
ImagingLog_e13.csv;8;a45d362aed83;a4:5d:36:2a:ed:83;Created by FOG Reg on January 11, 2024, 11:20 am;DebRodrigo;Not Valid;16/01/2024;07:42:17;16/01/2024;07:45:07;2 minutes 50 seconds;Deploy;00:02:50
ImagingLog_e13.csv;9;fc15b4d90f77;fc:15:b4:d9:0f:77;Created by FOG Reg on January 11, 2024, 11:20 am;DebRodrigo;Not Valid;16/01/2024;07:42:12;16/01/2024;07:45:07;2 minutes 55 seconds;Deploy;00:02:55
ImagingLog_e13.csv;10;a45d362abd9d;a4:5d:36:2a:bd:9d;Created by FOG Reg on January 11, 2024, 11:20 am;DebRodrigo;Not Valid;16/01/2024;07:41:40;16/01/2024;07:45:08;3 minutes 28 seconds;Deploy;00:03:28
ImagingLog_e13.csv;11;a45d362a9143;a4:5d:36:2a:91:43;Created by FOG Reg on January 11, 2024, 11:20 am;DebRodrigo;Not Valid;16/01/2024;07:42:12;16/01/2024;07:45:07;2 minutes 55 seconds;Deploy;00:02:55
ImagingLog_e13.csv;12;a45d362ada99;a4:5d:36:2a:da:99;Created by FOG Reg on January 11, 2024, 11:20 am;DebRodrigo;Not Valid;16/01/2024;07:42:50;16/01/2024;07:45:08;2 minutes 18 seconds;Deploy;00:02:18
ImagingLog_e13.csv;13;a45d362aad1b;a4:5d:36:2a:ad:1b;Created by FOG Reg on January 11, 2024, 11:20 am;DebRodrigo;Not Valid;16/01/2024;07:42:16;16/01/2024;07:45:06;2 minutes 50 seconds;Deploy;00:02:50
ImagingLog_e13.csv;14;a45d362abd32;a4:5d:36:2a:bd:32;Created by FOG Reg on January 11, 2024, 11:20 am;DebRodrigo;Not Valid;16/01/2024;07:42:05;16/01/2024;07:45:06;3 minutes 1 second;Deploy;00:03:01
ImagingLog_e13.csv;16;a45d362a9df5;a4:5d:36:2a:9d:f5;Created by FOG Reg on January 11, 2024, 11:23 am;DebRodrigo;Not Valid;16/01/2024;07:41:39;16/01/2024;07:45:07;3 minutes 28 seconds;Deploy;00:03:28
ImagingLog_e13.csv;18;a45d362aadca;a4:5d:36:2a:ad:ca;Created by FOG Reg on January 12, 2024, 11:46 am;DebRodrigo;Not Valid;16/01/2024;07:42:17;16/01/2024;07:45:06;2 minutes 49 seconds;Deploy;00:02:49
ImagingLog_e14.csv;2;a45d362abd33;a4:5d:36:2a:bd:33;Created by FOG Reg on January 11, 2024, 11:18 am;DebRodrigo;Not Valid;16/01/2024;08:10:03;16/01/2024;08:13:09;3 minutes 6 seconds;Deploy;00:03:06
ImagingLog_e14.csv;3;a45d362a91f6;a4:5d:36:2a:91:f6;Created by FOG Reg on January 11, 2024, 11:18 am;DebRodrigo;Not Valid;16/01/2024;08:10:08;16/01/2024;08:13:09;3 minutes 1 second;Deploy;00:03:01
ImagingLog_e14.csv;4;a45d362aad8f;a4:5d:36:2a:ad:8f;Created by FOG Reg on January 11, 2024, 11:18 am;DebRodrigo;Not Valid;16/01/2024;08:09:45;16/01/2024;08:13:08;3 minutes 23 seconds;Deploy;00:03:23
ImagingLog_e14.csv;5;a45d362a9db8;a4:5d:36:2a:9d:b8;Created by FOG Reg on January 11, 2024, 11:19 am;DebRodrigo;Not Valid;16/01/2024;08:10:25;16/01/2024;08:13:09;2 minutes 44 seconds;Deploy;00:02:44
ImagingLog_e14.csv;7;a45d362abd2b;a4:5d:36:2a:bd:2b;Created by FOG Reg on January 11, 2024, 11:20 am;DebRodrigo;Not Valid;16/01/2024;08:11:02;16/01/2024;08:13:10;2 minutes 8 seconds;Deploy;00:02:08
ImagingLog_e14.csv;8;a45d362aed83;a4:5d:36:2a:ed:83;Created by FOG Reg on January 11, 2024, 11:20 am;DebRodrigo;Not Valid;16/01/2024;08:10:17;16/01/2024;08:13:09;2 minutes 52 seconds;Deploy;00:02:52
ImagingLog_e14.csv;9;fc15b4d90f77;fc:15:b4:d9:0f:77;Created by FOG Reg on January 11, 2024, 11:20 am;DebRodrigo;Not Valid;16/01/2024;08:10:10;16/01/2024;08:13:09;2 minutes 59 seconds;Deploy;00:02:59
ImagingLog_e14.csv;10;a45d362abd9d;a4:5d:36:2a:bd:9d;Created by FOG Reg on January 11, 2024, 11:20 am;DebRodrigo;Not Valid;16/01/2024;08:09:43;16/01/2024;08:13:08;3 minutes 25 seconds;Deploy;00:03:25
ImagingLog_e14.csv;11;a45d362a9143;a4:5d:36:2a:91:43;Created by FOG Reg on January 11, 2024, 11:20 am;DebRodrigo;Not Valid;16/01/2024;08:10:45;16/01/2024;08:13:09;2 minutes 24 seconds;Deploy;00:02:24
ImagingLog_e14.csv;12;a45d362ada99;a4:5d:36:2a:da:99;Created by FOG Reg on January 11, 2024, 11:20 am;DebRodrigo;Not Valid;16/01/2024;08:10:24;16/01/2024;08:13:09;2 minutes 45 seconds;Deploy;00:02:45
ImagingLog_e14.csv;13;a45d362aad1b;a4:5d:36:2a:ad:1b;Created by FOG Reg on January 11, 2024, 11:20 am;DebRodrigo;Not Valid;16/01/2024;08:10:28;16/01/2024;08:13:08;2 minutes 40 seconds;Deploy;00:02:40
ImagingLog_e14.csv;14;a45d362abd32;a4:5d:36:2a:bd:32;Created by FOG Reg on January 11, 2024, 11:20 am;DebRodrigo;Not Valid;16/01/2024;08:10:19;16/01/2024;08:13:09;2 minutes 50 seconds;Deploy;00:02:50
ImagingLog_e14.csv;16;a45d362a9df5;a4:5d:36:2a:9d:f5;Created by FOG Reg on January 11, 2024, 11:23 am;DebRodrigo;Not Valid;16/01/2024;08:09:52;16/01/2024;08:13:09;3 minutes 17 seconds;Deploy;00:03:17
ImagingLog_e14.csv;18;a45d362aadca;a4:5d:36:2a:ad:ca;Created by FOG Reg on January 12, 2024, 11:46 am;DebRodrigo;Not Valid;16/01/2024;08:10:14;16/01/2024;08:13:09;2 minutes 55 seconds;Deploy;00:02:55
ImagingLog_e15.csv;2;a45d362abd33;a4:5d:36:2a:bd:33;Created by FOG Reg on January 11, 2024, 11:18 am;DebRodrigo;Not Valid;16/01/2024;08:18:38;16/01/2024;08:21:31;2 minutes 53 seconds;Deploy;00:02:53
ImagingLog_e15.csv;3;a45d362a91f6;a4:5d:36:2a:91:f6;Created by FOG Reg on January 11, 2024, 11:18 am;DebRodrigo;Not Valid;16/01/2024;08:18:44;16/01/2024;08:21:33;2 minutes 49 seconds;Deploy;00:02:49
ImagingLog_e15.csv;4;a45d362aad8f;a4:5d:36:2a:ad:8f;Created by FOG Reg on January 11, 2024, 11:18 am;DebRodrigo;Not Valid;16/01/2024;08:18:39;16/01/2024;08:21:31;2 minutes 52 seconds;Deploy;00:02:52
ImagingLog_e15.csv;5;a45d362a9db8;a4:5d:36:2a:9d:b8;Created by FOG Reg on January 11, 2024, 11:19 am;DebRodrigo;Not Valid;16/01/2024;08:18:41;16/01/2024;08:21:31;2 minutes 50 seconds;Deploy;00:02:50
ImagingLog_e15.csv;7;a45d362abd2b;a4:5d:36:2a:bd:2b;Created by FOG Reg on January 11, 2024, 11:20 am;DebRodrigo;Not Valid;16/01/2024;08:19:25;16/01/2024;08:21:33;2 minutes 8 seconds;Deploy;00:02:08
ImagingLog_e15.csv;8;a45d362aed83;a4:5d:36:2a:ed:83;Created by FOG Reg on January 11, 2024, 11:20 am;DebRodrigo;Not Valid;16/01/2024;08:18:36;16/01/2024;08:21:33;2 minutes 57 seconds;Deploy;00:02:57
ImagingLog_e15.csv;9;fc15b4d90f77;fc:15:b4:d9:0f:77;Created by FOG Reg on January 11, 2024, 11:20 am;DebRodrigo;Not Valid;16/01/2024;08:18:37;16/01/2024;08:21:32;2 minutes 55 seconds;Deploy;00:02:55
ImagingLog_e15.csv;10;a45d362abd9d;a4:5d:36:2a:bd:9d;Created by FOG Reg on January 11, 2024, 11:20 am;DebRodrigo;Not Valid;16/01/2024;08:18:41;16/01/2024;08:21:32;2 minutes 51 seconds;Deploy;00:02:51
ImagingLog_e15.csv;11;a45d362a9143;a4:5d:36:2a:91:43;Created by FOG Reg on January 11, 2024, 11:20 am;DebRodrigo;Not Valid;16/01/2024;08:18:37;16/01/2024;08:21:31;2 minutes 54 seconds;Deploy;00:02:54
ImagingLog_e15.csv;12;a45d362ada99;a4:5d:36:2a:da:99;Created by FOG Reg on January 11, 2024, 11:20 am;DebRodrigo;Not Valid;16/01/2024;08:18:37;16/01/2024;08:21:32;2 minutes 55 seconds;Deploy;00:02:55
ImagingLog_e15.csv;13;a45d362aad1b;a4:5d:36:2a:ad:1b;Created by FOG Reg on January 11, 2024, 11:20 am;DebRodrigo;Not Valid;16/01/2024;08:18:41;16/01/2024;08:21:31;2 minutes 50 seconds;Deploy;00:02:50
ImagingLog_e15.csv;14;a45d362abd32;a4:5d:36:2a:bd:32;Created by FOG Reg on January 11, 2024, 11:20 am;DebRodrigo;Not Valid;16/01/2024;08:18:31;16/01/2024;08:21:32;3 minutes 1 second;Deploy;00:03:01
ImagingLog_e15.csv;16;a45d362a9df5;a4:5d:36:2a:9d:f5;Created by FOG Reg on January 11, 2024, 11:23 am;DebRodrigo;Not Valid;16/01/2024;08:18:38;16/01/2024;08:21:33;2 minutes 55 seconds;Deploy;00:02:55
ImagingLog_e15.csv;18;a45d362aadca;a4:5d:36:2a:ad:ca;Created by FOG Reg on January 12, 2024, 11:46 am;DebRodrigo;Not Valid;16/01/2024;08:18:36;16/01/2024;08:21:32;2 minutes 56 seconds;Deploy;00:02:56
ImagingLog_e16.csv;2;a45d362abd33;a4:5d:36:2a:bd:33;Created by FOG Reg on January 11, 2024, 11:18 am;DebRodrigo;Not Valid;16/01/2024;08:26:19;16/01/2024;08:28:58;2 minutes 39 seconds;Deploy;00:02:39
ImagingLog_e16.csv;3;a45d362a91f6;a4:5d:36:2a:91:f6;Created by FOG Reg on January 11, 2024, 11:18 am;DebRodrigo;Not Valid;16/01/2024;08:26:22;16/01/2024;08:28:59;2 minutes 37 seconds;Deploy;00:02:37
ImagingLog_e16.csv;4;a45d362aad8f;a4:5d:36:2a:ad:8f;Created by FOG Reg on January 11, 2024, 11:18 am;DebRodrigo;Not Valid;16/01/2024;08:26:03;16/01/2024;08:28:57;2 minutes 54 seconds;Deploy;00:02:54
ImagingLog_e16.csv;5;a45d362a9db8;a4:5d:36:2a:9d:b8;Created by FOG Reg on January 11, 2024, 11:19 am;DebRodrigo;Not Valid;16/01/2024;08:26:19;16/01/2024;08:28:58;2 minutes 39 seconds;Deploy;00:02:39
ImagingLog_e16.csv;7;a45d362abd2b;a4:5d:36:2a:bd:2b;Created by FOG Reg on January 11, 2024, 11:20 am;DebRodrigo;Not Valid;16/01/2024;08:26:53;16/01/2024;08:28:58;2 minutes 5 seconds;Deploy;00:02:05
ImagingLog_e16.csv;8;a45d362aed83;a4:5d:36:2a:ed:83;Created by FOG Reg on January 11, 2024, 11:20 am;DebRodrigo;Not Valid;16/01/2024;08:26:03;16/01/2024;08:28:59;2 minutes 56 seconds;Deploy;00:02:56
ImagingLog_e16.csv;9;fc15b4d90f77;fc:15:b4:d9:0f:77;Created by FOG Reg on January 11, 2024, 11:20 am;DebRodrigo;Not Valid;16/01/2024;08:26:04;16/01/2024;08:28:57;2 minutes 53 seconds;Deploy;00:02:53
ImagingLog_e16.csv;10;a45d362abd9d;a4:5d:36:2a:bd:9d;Created by FOG Reg on January 11, 2024, 11:20 am;DebRodrigo;Not Valid;16/01/2024;08:26:07;16/01/2024;08:29:00;2 minutes 53 seconds;Deploy;00:02:53
ImagingLog_e16.csv;11;a45d362a9143;a4:5d:36:2a:91:43;Created by FOG Reg on January 11, 2024, 11:20 am;DebRodrigo;Not Valid;16/01/2024;08:26:02;16/01/2024;08:28:58;2 minutes 56 seconds;Deploy;00:02:56
ImagingLog_e16.csv;12;a45d362ada99;a4:5d:36:2a:da:99;Created by FOG Reg on January 11, 2024, 11:20 am;DebRodrigo;Not Valid;16/01/2024;08:26:05;16/01/2024;08:28:58;2 minutes 53 seconds;Deploy;00:02:53
ImagingLog_e16.csv;13;a45d362aad1b;a4:5d:36:2a:ad:1b;Created by FOG Reg on January 11, 2024, 11:20 am;DebRodrigo;Not Valid;16/01/2024;08:26:08;16/01/2024;08:28:58;2 minutes 50 seconds;Deploy;00:02:50
ImagingLog_e16.csv;14;a45d362abd32;a4:5d:36:2a:bd:32;Created by FOG Reg on January 11, 2024, 11:20 am;DebRodrigo;Not Valid;16/01/2024;08:25:57;16/01/2024;08:28:58;3 minutes 1 second;Deploy;00:03:01
ImagingLog_e16.csv;16;a45d362a9df5;a4:5d:36:2a:9d:f5;Created by FOG Reg on January 11, 2024, 11:23 am;DebRodrigo;Not Valid;16/01/2024;08:26:18;16/01/2024;08:28:57;2 minutes 39 seconds;Deploy;00:02:39
ImagingLog_e16.csv;18;a45d362aadca;a4:5d:36:2a:ad:ca;Created by FOG Reg on January 12, 2024, 11:46 am;DebRodrigo;Not Valid;16/01/2024;08:26:04;16/01/2024;08:28:58;2 minutes 54 seconds;Deploy;00:02:54
ImagingLog_e17.csv;2;a45d362abd33;a4:5d:36:2a:bd:33;Created by FOG Reg on January 11, 2024, 11:18 am;DebRodrigo;Not Valid;16/01/2024;08:33:25;16/01/2024;08:36:41;3 minutes 16 seconds;Deploy;00:03:16
ImagingLog_e17.csv;3;a45d362a91f6;a4:5d:36:2a:91:f6;Created by FOG Reg on January 11, 2024, 11:18 am;DebRodrigo;Not Valid;16/01/2024;08:33:32;16/01/2024;08:36:41;3 minutes 9 seconds;Deploy;00:03:09
ImagingLog_e17.csv;4;a45d362aad8f;a4:5d:36:2a:ad:8f;Created by FOG Reg on January 11, 2024, 11:18 am;DebRodrigo;Not Valid;16/01/2024;08:33:25;16/01/2024;08:36:41;3 minutes 16 seconds;Deploy;00:03:16
ImagingLog_e17.csv;5;a45d362a9db8;a4:5d:36:2a:9d:b8;Created by FOG Reg on January 11, 2024, 11:19 am;DebRodrigo;Not Valid;16/01/2024;08:33:30;16/01/2024;08:36:41;3 minutes 11 seconds;Deploy;00:03:11
ImagingLog_e17.csv;7;a45d362abd2b;a4:5d:36:2a:bd:2b;Created by FOG Reg on January 11, 2024, 11:20 am;DebRodrigo;Not Valid;16/01/2024;08:34:16;16/01/2024;08:36:44;2 minutes 28 seconds;Deploy;00:02:28
ImagingLog_e17.csv;8;a45d362aed83;a4:5d:36:2a:ed:83;Created by FOG Reg on January 11, 2024, 11:20 am;DebRodrigo;Not Valid;16/01/2024;08:33:25;16/01/2024;08:36:41;3 minutes 16 seconds;Deploy;00:03:16
ImagingLog_e17.csv;9;fc15b4d90f77;fc:15:b4:d9:0f:77;Created by FOG Reg on January 11, 2024, 11:20 am;DebRodrigo;Not Valid;16/01/2024;08:33:27;16/01/2024;08:36:41;3 minutes 14 seconds;Deploy;00:03:14
ImagingLog_e17.csv;10;a45d362abd9d;a4:5d:36:2a:bd:9d;Created by FOG Reg on January 11, 2024, 11:20 am;DebRodrigo;Not Valid;16/01/2024;08:33:28;16/01/2024;08:36:41;3 minutes 13 seconds;Deploy;00:03:13
ImagingLog_e17.csv;11;a45d362a9143;a4:5d:36:2a:91:43;Created by FOG Reg on January 11, 2024, 11:20 am;DebRodrigo;Not Valid;16/01/2024;08:33:28;16/01/2024;08:36:41;3 minutes 13 seconds;Deploy;00:03:13
ImagingLog_e17.csv;12;a45d362ada99;a4:5d:36:2a:da:99;Created by FOG Reg on January 11, 2024, 11:20 am;DebRodrigo;Not Valid;16/01/2024;08:33:27;16/01/2024;08:36:41;3 minutes 14 seconds;Deploy;00:03:14
ImagingLog_e17.csv;13;a45d362aad1b;a4:5d:36:2a:ad:1b;Created by FOG Reg on January 11, 2024, 11:20 am;DebRodrigo;Not Valid;16/01/2024;08:33:29;16/01/2024;08:36:41;3 minutes 12 seconds;Deploy;00:03:12
ImagingLog_e17.csv;14;a45d362abd32;a4:5d:36:2a:bd:32;Created by FOG Reg on January 11, 2024, 11:20 am;DebRodrigo;Not Valid;16/01/2024;08:33:20;16/01/2024;08:36:41;3 minutes 21 seconds;Deploy;00:03:21
ImagingLog_e17.csv;16;a45d362a9df5;a4:5d:36:2a:9d:f5;Created by FOG Reg on January 11, 2024, 11:23 am;DebRodrigo;Not Valid;16/01/2024;08:34:36;16/01/2024;08:36:42;2 minutes 6 seconds;Deploy;00:02:06
ImagingLog_e17.csv;18;a45d362aadca;a4:5d:36:2a:ad:ca;Created by FOG Reg on January 12, 2024, 11:46 am;DebRodrigo;Not Valid;16/01/2024;08:33:26;16/01/2024;08:36:41;3 minutes 15 seconds;Deploy;00:03:15
ImagingLog_e18.csv;2;a45d362abd33;a4:5d:36:2a:bd:33;Created by FOG Reg on January 11, 2024, 11:18 am;DebRodrigo;Not Valid;16/01/2024;08:41:17;16/01/2024;08:44:08;2 minutes 51 seconds;Deploy;00:02:51
ImagingLog_e18.csv;3;a45d362a91f6;a4:5d:36:2a:91:f6;Created by FOG Reg on January 11, 2024, 11:18 am;DebRodrigo;Not Valid;16/01/2024;08:41:20;16/01/2024;08:44:07;2 minutes 47 seconds;Deploy;00:02:47
ImagingLog_e18.csv;4;a45d362aad8f;a4:5d:36:2a:ad:8f;Created by FOG Reg on January 11, 2024, 11:18 am;DebRodrigo;Not Valid;16/01/2024;08:41:12;16/01/2024;08:44:07;2 minutes 55 seconds;Deploy;00:02:55
ImagingLog_e18.csv;5;a45d362a9db8;a4:5d:36:2a:9d:b8;Created by FOG Reg on January 11, 2024, 11:19 am;DebRodrigo;Not Valid;16/01/2024;08:41:17;16/01/2024;08:44:08;2 minutes 51 seconds;Deploy;00:02:51
ImagingLog_e18.csv;7;a45d362abd2b;a4:5d:36:2a:bd:2b;Created by FOG Reg on January 11, 2024, 11:20 am;DebRodrigo;Not Valid;16/01/2024;08:42:03;16/01/2024;08:44:08;2 minutes 5 seconds;Deploy;00:02:05
ImagingLog_e18.csv;8;a45d362aed83;a4:5d:36:2a:ed:83;Created by FOG Reg on January 11, 2024, 11:20 am;DebRodrigo;Not Valid;16/01/2024;08:41:15;16/01/2024;08:44:07;2 minutes 52 seconds;Deploy;00:02:52
ImagingLog_e18.csv;9;fc15b4d90f77;fc:15:b4:d9:0f:77;Created by FOG Reg on January 11, 2024, 11:20 am;DebRodrigo;Not Valid;16/01/2024;08:41:17;16/01/2024;08:44:08;2 minutes 51 seconds;Deploy;00:02:51
ImagingLog_e18.csv;10;a45d362abd9d;a4:5d:36:2a:bd:9d;Created by FOG Reg on January 11, 2024, 11:20 am;DebRodrigo;Not Valid;16/01/2024;08:41:18;16/01/2024;08:44:09;2 minutes 51 seconds;Deploy;00:02:51
ImagingLog_e18.csv;11;a45d362a9143;a4:5d:36:2a:91:43;Created by FOG Reg on January 11, 2024, 11:20 am;DebRodrigo;Not Valid;16/01/2024;08:41:18;16/01/2024;08:44:07;2 minutes 49 seconds;Deploy;00:02:49
ImagingLog_e18.csv;12;a45d362ada99;a4:5d:36:2a:da:99;Created by FOG Reg on January 11, 2024, 11:20 am;DebRodrigo;Not Valid;16/01/2024;08:41:20;16/01/2024;08:44:08;2 minutes 48 seconds;Deploy;00:02:48
ImagingLog_e18.csv;13;a45d362aad1b;a4:5d:36:2a:ad:1b;Created by FOG Reg on January 11, 2024, 11:20 am;DebRodrigo;Not Valid;16/01/2024;08:41:20;16/01/2024;08:44:07;2 minutes 47 seconds;Deploy;00:02:47
ImagingLog_e18.csv;14;a45d362abd32;a4:5d:36:2a:bd:32;Created by FOG Reg on January 11, 2024, 11:20 am;DebRodrigo;Not Valid;16/01/2024;08:41:08;16/01/2024;08:44:09;3 minutes 1 second;Deploy;00:03:01
ImagingLog_e18.csv;16;a45d362a9df5;a4:5d:36:2a:9d:f5;Created by FOG Reg on January 11, 2024, 11:23 am;DebRodrigo;Not Valid;16/01/2024;08:41:16;16/01/2024;08:44:07;2 minutes 51 seconds;Deploy;00:02:51
ImagingLog_e18.csv;18;a45d362aadca;a4:5d:36:2a:ad:ca;Created by FOG Reg on January 12, 2024, 11:46 am;DebRodrigo;Not Valid;16/01/2024;08:41:16;16/01/2024;08:44:08;2 minutes 52 seconds;Deploy;00:02:52
ImagingLog_e19.csv;2;a45d362abd33;a4:5d:36:2a:bd:33;Created by FOG Reg on January 11, 2024, 11:18 am;DebRodrigo;Not Valid;16/01/2024;08:49:11;16/01/2024;08:52:06;2 minutes 55 seconds;Deploy;00:02:55
ImagingLog_e19.csv;3;a45d362a91f6;a4:5d:36:2a:91:f6;Created by FOG Reg on January 11, 2024, 11:18 am;DebRodrigo;Not Valid;16/01/2024;08:49:17;16/01/2024;08:52:06;2 minutes 49 seconds;Deploy;00:02:49
ImagingLog_e19.csv;4;a45d362aad8f;a4:5d:36:2a:ad:8f;Created by FOG Reg on January 11, 2024, 11:18 am;DebRodrigo;Not Valid;16/01/2024;08:49:12;16/01/2024;08:52:05;2 minutes 53 seconds;Deploy;00:02:53
ImagingLog_e19.csv;5;a45d362a9db8;a4:5d:36:2a:9d:b8;Created by FOG Reg on January 11, 2024, 11:19 am;DebRodrigo;Not Valid;16/01/2024;08:49:14;16/01/2024;08:52:06;2 minutes 52 seconds;Deploy;00:02:52
ImagingLog_e19.csv;7;a45d362abd2b;a4:5d:36:2a:bd:2b;Created by FOG Reg on January 11, 2024, 11:20 am;DebRodrigo;Not Valid;16/01/2024;08:50:00;16/01/2024;08:52:07;2 minutes 7 seconds;Deploy;00:02:07
ImagingLog_e19.csv;8;a45d362aed83;a4:5d:36:2a:ed:83;Created by FOG Reg on January 11, 2024, 11:20 am;DebRodrigo;Not Valid;16/01/2024;08:49:11;16/01/2024;08:52:06;2 minutes 55 seconds;Deploy;00:02:55
ImagingLog_e19.csv;9;fc15b4d90f77;fc:15:b4:d9:0f:77;Created by FOG Reg on January 11, 2024, 11:20 am;DebRodrigo;Not Valid;16/01/2024;08:49:12;16/01/2024;08:52:05;2 minutes 53 seconds;Deploy;00:02:53
ImagingLog_e19.csv;10;a45d362abd9d;a4:5d:36:2a:bd:9d;Created by FOG Reg on January 11, 2024, 11:20 am;DebRodrigo;Not Valid;16/01/2024;08:49:13;16/01/2024;08:52:06;2 minutes 53 seconds;Deploy;00:02:53
ImagingLog_e19.csv;11;a45d362a9143;a4:5d:36:2a:91:43;Created by FOG Reg on January 11, 2024, 11:20 am;DebRodrigo;Not Valid;16/01/2024;08:49:12;16/01/2024;08:52:07;2 minutes 55 seconds;Deploy;00:02:55
ImagingLog_e19.csv;12;a45d362ada99;a4:5d:36:2a:da:99;Created by FOG Reg on January 11, 2024, 11:20 am;DebRodrigo;Not Valid;16/01/2024;08:49:13;16/01/2024;08:52:06;2 minutes 53 seconds;Deploy;00:02:53
ImagingLog_e19.csv;13;a45d362aad1b;a4:5d:36:2a:ad:1b;Created by FOG Reg on January 11, 2024, 11:20 am;DebRodrigo;Not Valid;16/01/2024;08:49:15;16/01/2024;08:52:05;2 minutes 50 seconds;Deploy;00:02:50
ImagingLog_e19.csv;14;a45d362abd32;a4:5d:36:2a:bd:32;Created by FOG Reg on January 11, 2024, 11:20 am;DebRodrigo;Not Valid;16/01/2024;08:49:05;16/01/2024;08:52:06;3 minutes 1 second;Deploy;00:03:01
ImagingLog_e19.csv;16;a45d362a9df5;a4:5d:36:2a:9d:f5;Created by FOG Reg on January 11, 2024, 11:23 am;DebRodrigo;Not Valid;16/01/2024;08:49:13;16/01/2024;08:52:07;2 minutes 54 seconds;Deploy;00:02:54
ImagingLog_e19.csv;18;a45d362aadca;a4:5d:36:2a:ad:ca;Created by FOG Reg on January 12, 2024, 11:46 am;DebRodrigo;Not Valid;16/01/2024;08:49:10;16/01/2024;08:52:06;2 minutes 56 seconds;Deploy;00:02:56
ImagingLog_e20.csv;2;a45d362abd33;a4:5d:36:2a:bd:33;Created by FOG Reg on January 11, 2024, 11:18 am;DebRodrigo;Not Valid;16/01/2024;08:58:15;16/01/2024;09:01:08;2 minutes 53 seconds;Deploy;00:02:53
ImagingLog_e20.csv;3;a45d362a91f6;a4:5d:36:2a:91:f6;Created by FOG Reg on January 11, 2024, 11:18 am;DebRodrigo;Not Valid;16/01/2024;08:58:19;16/01/2024;09:01:08;2 minutes 49 seconds;Deploy;00:02:49
ImagingLog_e20.csv;4;a45d362aad8f;a4:5d:36:2a:ad:8f;Created by FOG Reg on January 11, 2024, 11:18 am;DebRodrigo;Not Valid;16/01/2024;08:58:13;16/01/2024;09:01:07;2 minutes 54 seconds;Deploy;00:02:54
ImagingLog_e20.csv;5;a45d362a9db8;a4:5d:36:2a:9d:b8;Created by FOG Reg on January 11, 2024, 11:19 am;DebRodrigo;Not Valid;16/01/2024;08:58:18;16/01/2024;09:01:08;2 minutes 50 seconds;Deploy;00:02:50
ImagingLog_e20.csv;7;a45d362abd2b;a4:5d:36:2a:bd:2b;Created by FOG Reg on January 11, 2024, 11:20 am;DebRodrigo;Not Valid;16/01/2024;08:59:02;16/01/2024;09:01:09;2 minutes 7 seconds;Deploy;00:02:07
ImagingLog_e20.csv;8;a45d362aed83;a4:5d:36:2a:ed:83;Created by FOG Reg on January 11, 2024, 11:20 am;DebRodrigo;Not Valid;16/01/2024;08:58:12;16/01/2024;09:01:07;2 minutes 55 seconds;Deploy;00:02:55
ImagingLog_e20.csv;9;fc15b4d90f77;fc:15:b4:d9:0f:77;Created by FOG Reg on January 11, 2024, 11:20 am;DebRodrigo;Not Valid;16/01/2024;08:58:14;16/01/2024;09:01:08;2 minutes 54 seconds;Deploy;00:02:54
ImagingLog_e20.csv;10;a45d362abd9d;a4:5d:36:2a:bd:9d;Created by FOG Reg on January 11, 2024, 11:20 am;DebRodrigo;Not Valid;16/01/2024;08:58:17;16/01/2024;09:01:07;2 minutes 50 seconds;Deploy;00:02:50
ImagingLog_e20.csv;11;a45d362a9143;a4:5d:36:2a:91:43;Created by FOG Reg on January 11, 2024, 11:20 am;DebRodrigo;Not Valid;16/01/2024;08:58:11;16/01/2024;09:01:08;2 minutes 57 seconds;Deploy;00:02:57
ImagingLog_e20.csv;12;a45d362ada99;a4:5d:36:2a:da:99;Created by FOG Reg on January 11, 2024, 11:20 am;DebRodrigo;Not Valid;16/01/2024;08:58:15;16/01/2024;09:01:09;2 minutes 54 seconds;Deploy;00:02:54
ImagingLog_e20.csv;13;a45d362aad1b;a4:5d:36:2a:ad:1b;Created by FOG Reg on January 11, 2024, 11:20 am;DebRodrigo;Not Valid;16/01/2024;08:58:18;16/01/2024;09:01:09;2 minutes 51 seconds;Deploy;00:02:51
ImagingLog_e20.csv;14;a45d362abd32;a4:5d:36:2a:bd:32;Created by FOG Reg on January 11, 2024, 11:20 am;DebRodrigo;Not Valid;16/01/2024;08:58:08;16/01/2024;09:01:08;3 minutes ;Deploy;00:03:00
ImagingLog_e20.csv;16;a45d362a9df5;a4:5d:36:2a:9d:f5;Created by FOG Reg on January 11, 2024, 11:23 am;DebRodrigo;Not Valid;16/01/2024;08:58:16;16/01/2024;09:01:08;2 minutes 52 seconds;Deploy;00:02:52
ImagingLog_e20.csv;18;a45d362aadca;a4:5d:36:2a:ad:ca;Created by FOG Reg on January 12, 2024, 11:46 am;DebRodrigo;Not Valid;16/01/2024;08:58:13;16/01/2024;09:01:07;2 minutes 54 seconds;Deploy;00:02:54
ImagingLog_e21.csv;2;a45d362abd33;a4:5d:36:2a:bd:33;Created by FOG Reg on January 11, 2024, 11:18 am;DebRodrigo;Not Valid;16/01/2024;09:06:36;16/01/2024;09:08:47;2 minutes 11 seconds;Deploy;00:02:11
ImagingLog_e21.csv;3;a45d362a91f6;a4:5d:36:2a:91:f6;Created by FOG Reg on January 11, 2024, 11:18 am;DebRodrigo;Not Valid;16/01/2024;09:06:41;16/01/2024;09:08:49;2 minutes 8 seconds;Deploy;00:02:08
ImagingLog_e21.csv;4;a45d362aad8f;a4:5d:36:2a:ad:8f;Created by FOG Reg on January 11, 2024, 11:18 am;DebRodrigo;Not Valid;16/01/2024;09:05:24;16/01/2024;09:08:47;3 minutes 23 seconds;Deploy;00:03:23
ImagingLog_e21.csv;5;a45d362a9db8;a4:5d:36:2a:9d:b8;Created by FOG Reg on January 11, 2024, 11:19 am;DebRodrigo;Not Valid;16/01/2024;09:05:29;16/01/2024;09:08:48;3 minutes 19 seconds;Deploy;00:03:19
ImagingLog_e21.csv;7;a45d362abd2b;a4:5d:36:2a:bd:2b;Created by FOG Reg on January 11, 2024, 11:20 am;DebRodrigo;Not Valid;16/01/2024;09:06:13;16/01/2024;09:08:47;2 minutes 34 seconds;Deploy;00:02:34
ImagingLog_e21.csv;8;a45d362aed83;a4:5d:36:2a:ed:83;Created by FOG Reg on January 11, 2024, 11:20 am;DebRodrigo;Not Valid;16/01/2024;09:05:25;16/01/2024;09:08:48;3 minutes 23 seconds;Deploy;00:03:23
ImagingLog_e21.csv;9;fc15b4d90f77;fc:15:b4:d9:0f:77;Created by FOG Reg on January 11, 2024, 11:20 am;DebRodrigo;Not Valid;16/01/2024;09:05:26;16/01/2024;09:08:49;3 minutes 23 seconds;Deploy;00:03:23
ImagingLog_e21.csv;10;a45d362abd9d;a4:5d:36:2a:bd:9d;Created by FOG Reg on January 11, 2024, 11:20 am;DebRodrigo;Not Valid;16/01/2024;09:05:29;16/01/2024;09:08:46;3 minutes 17 seconds;Deploy;00:03:17
ImagingLog_e21.csv;11;a45d362a9143;a4:5d:36:2a:91:43;Created by FOG Reg on January 11, 2024, 11:20 am;DebRodrigo;Not Valid;16/01/2024;09:05:27;16/01/2024;09:08:47;3 minutes 20 seconds;Deploy;00:03:20
ImagingLog_e21.csv;12;a45d362ada99;a4:5d:36:2a:da:99;Created by FOG Reg on January 11, 2024, 11:20 am;DebRodrigo;Not Valid;16/01/2024;09:05:27;16/01/2024;09:08:47;3 minutes 20 seconds;Deploy;00:03:20
ImagingLog_e21.csv;13;a45d362aad1b;a4:5d:36:2a:ad:1b;Created by FOG Reg on January 11, 2024, 11:20 am;DebRodrigo;Not Valid;16/01/2024;09:05:30;16/01/2024;09:08:46;3 minutes 16 seconds;Deploy;00:03:16
ImagingLog_e21.csv;14;a45d362abd32;a4:5d:36:2a:bd:32;Created by FOG Reg on January 11, 2024, 11:20 am;DebRodrigo;Not Valid;16/01/2024;09:05:19;16/01/2024;09:08:48;3 minutes 29 seconds;Deploy;00:03:29
ImagingLog_e21.csv;16;a45d362a9df5;a4:5d:36:2a:9d:f5;Created by FOG Reg on January 11, 2024, 11:23 am;DebRodrigo;Not Valid;16/01/2024;09:05:26;16/01/2024;09:08:47;3 minutes 21 seconds;Deploy;00:03:21
ImagingLog_e21.csv;18;a45d362aadca;a4:5d:36:2a:ad:ca;Created by FOG Reg on January 12, 2024, 11:46 am;DebRodrigo;Not Valid;16/01/2024;09:05:25;16/01/2024;09:08:48;3 minutes 23 seconds;Deploy;00:03:23
ImagingLog_e22.csv;2;a45d362abd33;a4:5d:36:2a:bd:33;Created by FOG Reg on January 11, 2024, 11:18 am;DebRodrigo;Not Valid;16/01/2024;09:14:50;16/01/2024;09:16:59;2 minutes 9 seconds;Deploy;00:02:09
ImagingLog_e22.csv;3;a45d362a91f6;a4:5d:36:2a:91:f6;Created by FOG Reg on January 11, 2024, 11:18 am;DebRodrigo;Not Valid;16/01/2024;09:14:17;16/01/2024;09:16:59;2 minutes 42 seconds;Deploy;00:02:42
ImagingLog_e22.csv;4;a45d362aad8f;a4:5d:36:2a:ad:8f;Created by FOG Reg on January 11, 2024, 11:18 am;DebRodrigo;Not Valid;16/01/2024;09:13:37;16/01/2024;09:16:58;3 minutes 21 seconds;Deploy;00:03:21
ImagingLog_e22.csv;5;a45d362a9db8;a4:5d:36:2a:9d:b8;Created by FOG Reg on January 11, 2024, 11:19 am;DebRodrigo;Not Valid;16/01/2024;09:14:47;16/01/2024;09:16:59;2 minutes 12 seconds;Deploy;00:02:12
ImagingLog_e22.csv;7;a45d362abd2b;a4:5d:36:2a:bd:2b;Created by FOG Reg on January 11, 2024, 11:20 am;DebRodrigo;Not Valid;16/01/2024;09:14:38;16/01/2024;09:16:58;2 minutes 20 seconds;Deploy;00:02:20
ImagingLog_e22.csv;8;a45d362aed83;a4:5d:36:2a:ed:83;Created by FOG Reg on January 11, 2024, 11:20 am;DebRodrigo;Not Valid;16/01/2024;09:13:49;16/01/2024;09:16:58;3 minutes 9 seconds;Deploy;00:03:09
ImagingLog_e22.csv;9;fc15b4d90f77;fc:15:b4:d9:0f:77;Created by FOG Reg on January 11, 2024, 11:20 am;DebRodrigo;Not Valid;16/01/2024;09:13:38;16/01/2024;09:16:59;3 minutes 21 seconds;Deploy;00:03:21
ImagingLog_e22.csv;10;a45d362abd9d;a4:5d:36:2a:bd:9d;Created by FOG Reg on January 11, 2024, 11:20 am;DebRodrigo;Not Valid;16/01/2024;09:13:41;16/01/2024;09:16:58;3 minutes 17 seconds;Deploy;00:03:17
ImagingLog_e22.csv;11;a45d362a9143;a4:5d:36:2a:91:43;Created by FOG Reg on January 11, 2024, 11:20 am;DebRodrigo;Not Valid;16/01/2024;09:13:39;16/01/2024;09:16:58;3 minutes 19 seconds;Deploy;00:03:19
ImagingLog_e22.csv;12;a45d362ada99;a4:5d:36:2a:da:99;Created by FOG Reg on January 11, 2024, 11:20 am;DebRodrigo;Not Valid;16/01/2024;09:13:40;16/01/2024;09:16:59;3 minutes 19 seconds;Deploy;00:03:19
ImagingLog_e22.csv;13;a45d362aad1b;a4:5d:36:2a:ad:1b;Created by FOG Reg on January 11, 2024, 11:20 am;DebRodrigo;Not Valid;16/01/2024;09:13:41;16/01/2024;09:16:58;3 minutes 17 seconds;Deploy;00:03:17
ImagingLog_e22.csv;14;a45d362abd32;a4:5d:36:2a:bd:32;Created by FOG Reg on January 11, 2024, 11:20 am;DebRodrigo;Not Valid;16/01/2024;09:13:33;16/01/2024;09:16:58;3 minutes 25 seconds;Deploy;00:03:25
ImagingLog_e22.csv;16;a45d362a9df5;a4:5d:36:2a:9d:f5;Created by FOG Reg on January 11, 2024, 11:23 am;DebRodrigo;Not Valid;16/01/2024;09:14:13;16/01/2024;09:16:59;2 minutes 46 seconds;Deploy;00:02:46
ImagingLog_e22.csv;18;a45d362aadca;a4:5d:36:2a:ad:ca;Created by FOG Reg on January 12, 2024, 11:46 am;DebRodrigo;Not Valid;16/01/2024;09:13:38;16/01/2024;09:16:58;3 minutes 20 seconds;Deploy;00:03:20
ImagingLog_e23.csv;2;a45d362abd33;a4:5d:36:2a:bd:33;Created by FOG Reg on January 11, 2024, 11:18 am;DebRodrigo;Not Valid;16/01/2024;09:22:39;16/01/2024;09:24:46;2 minutes 7 seconds;Deploy;00:02:07
ImagingLog_e23.csv;3;a45d362a91f6;a4:5d:36:2a:91:f6;Created by FOG Reg on January 11, 2024, 11:18 am;DebRodrigo;Not Valid;16/01/2024;09:21:34;16/01/2024;09:24:46;3 minutes 12 seconds;Deploy;00:03:12
ImagingLog_e23.csv;4;a45d362aad8f;a4:5d:36:2a:ad:8f;Created by FOG Reg on January 11, 2024, 11:18 am;DebRodrigo;Not Valid;16/01/2024;09:21:31;16/01/2024;09:24:47;3 minutes 16 seconds;Deploy;00:03:16
ImagingLog_e23.csv;5;a45d362a9db8;a4:5d:36:2a:9d:b8;Created by FOG Reg on January 11, 2024, 11:19 am;DebRodrigo;Not Valid;16/01/2024;09:21:31;16/01/2024;09:24:48;3 minutes 17 seconds;Deploy;00:03:17
ImagingLog_e23.csv;7;a45d362abd2b;a4:5d:36:2a:bd:2b;Created by FOG Reg on January 11, 2024, 11:20 am;DebRodrigo;Not Valid;16/01/2024;09:22:17;16/01/2024;09:24:47;2 minutes 30 seconds;Deploy;00:02:30
ImagingLog_e23.csv;8;a45d362aed83;a4:5d:36:2a:ed:83;Created by FOG Reg on January 11, 2024, 11:20 am;DebRodrigo;Not Valid;16/01/2024;09:21:27;16/01/2024;09:24:47;3 minutes 20 seconds;Deploy;00:03:20
ImagingLog_e23.csv;9;fc15b4d90f77;fc:15:b4:d9:0f:77;Created by FOG Reg on January 11, 2024, 11:20 am;DebRodrigo;Not Valid;16/01/2024;09:21:29;16/01/2024;09:24:48;3 minutes 19 seconds;Deploy;00:03:19
ImagingLog_e23.csv;10;a45d362abd9d;a4:5d:36:2a:bd:9d;Created by FOG Reg on January 11, 2024, 11:20 am;DebRodrigo;Not Valid;16/01/2024;09:21:31;16/01/2024;09:24:46;3 minutes 15 seconds;Deploy;00:03:15
ImagingLog_e23.csv;11;a45d362a9143;a4:5d:36:2a:91:43;Created by FOG Reg on January 11, 2024, 11:20 am;DebRodrigo;Not Valid;16/01/2024;09:21:29;16/01/2024;09:24:48;3 minutes 19 seconds;Deploy;00:03:19
ImagingLog_e23.csv;12;a45d362ada99;a4:5d:36:2a:da:99;Created by FOG Reg on January 11, 2024, 11:20 am;DebRodrigo;Not Valid;16/01/2024;09:21:29;16/01/2024;09:24:48;3 minutes 19 seconds;Deploy;00:03:19
ImagingLog_e23.csv;13;a45d362aad1b;a4:5d:36:2a:ad:1b;Created by FOG Reg on January 11, 2024, 11:20 am;DebRodrigo;Not Valid;16/01/2024;09:21:32;16/01/2024;09:24:47;3 minutes 15 seconds;Deploy;00:03:15
ImagingLog_e23.csv;14;a45d362abd32;a4:5d:36:2a:bd:32;Created by FOG Reg on January 11, 2024, 11:20 am;DebRodrigo;Not Valid;16/01/2024;09:21:21;16/01/2024;09:24:47;3 minutes 26 seconds;Deploy;00:03:26
ImagingLog_e23.csv;16;a45d362a9df5;a4:5d:36:2a:9d:f5;Created by FOG Reg on January 11, 2024, 11:23 am;DebRodrigo;Not Valid;16/01/2024;09:21:27;16/01/2024;09:24:47;3 minutes 20 seconds;Deploy;00:03:20
ImagingLog_e23.csv;18;a45d362aadca;a4:5d:36:2a:ad:ca;Created by FOG Reg on January 12, 2024, 11:46 am;DebRodrigo;Not Valid;16/01/2024;09:21:29;16/01/2024;09:24:46;3 minutes 17 seconds;Deploy;00:03:17
ImagingLog_e24.csv;2;a45d362abd33;a4:5d:36:2a:bd:33;Created by FOG Reg on January 11, 2024, 11:18 am;DebRodrigo;Not Valid;16/01/2024;09:28:53;16/01/2024;09:31:41;2 minutes 48 seconds;Deploy;00:02:48
ImagingLog_e24.csv;3;a45d362a91f6;a4:5d:36:2a:91:f6;Created by FOG Reg on January 11, 2024, 11:18 am;DebRodrigo;Not Valid;16/01/2024;09:28:54;16/01/2024;09:31:42;2 minutes 48 seconds;Deploy;00:02:48
ImagingLog_e24.csv;4;a45d362aad8f;a4:5d:36:2a:ad:8f;Created by FOG Reg on January 11, 2024, 11:18 am;DebRodrigo;Not Valid;16/01/2024;09:28:50;16/01/2024;09:31:41;2 minutes 51 seconds;Deploy;00:02:51
ImagingLog_e24.csv;5;a45d362a9db8;a4:5d:36:2a:9d:b8;Created by FOG Reg on January 11, 2024, 11:19 am;DebRodrigo;Not Valid;16/01/2024;09:28:54;16/01/2024;09:31:43;2 minutes 49 seconds;Deploy;00:02:49
ImagingLog_e24.csv;7;a45d362abd2b;a4:5d:36:2a:bd:2b;Created by FOG Reg on January 11, 2024, 11:20 am;DebRodrigo;Not Valid;16/01/2024;09:29:37;16/01/2024;09:31:41;2 minutes 4 seconds;Deploy;00:02:04
ImagingLog_e24.csv;8;a45d362aed83;a4:5d:36:2a:ed:83;Created by FOG Reg on January 11, 2024, 11:20 am;DebRodrigo;Not Valid;16/01/2024;09:28:50;16/01/2024;09:31:42;2 minutes 52 seconds;Deploy;00:02:52
ImagingLog_e24.csv;9;fc15b4d90f77;fc:15:b4:d9:0f:77;Created by FOG Reg on January 11, 2024, 11:20 am;DebRodrigo;Not Valid;16/01/2024;09:28:51;16/01/2024;09:31:42;2 minutes 51 seconds;Deploy;00:02:51
ImagingLog_e24.csv;10;a45d362abd9d;a4:5d:36:2a:bd:9d;Created by FOG Reg on January 11, 2024, 11:20 am;DebRodrigo;Not Valid;16/01/2024;09:28:52;16/01/2024;09:31:42;2 minutes 50 seconds;Deploy;00:02:50
ImagingLog_e24.csv;11;a45d362a9143;a4:5d:36:2a:91:43;Created by FOG Reg on January 11, 2024, 11:20 am;DebRodrigo;Not Valid;16/01/2024;09:28:52;16/01/2024;09:31:42;2 minutes 50 seconds;Deploy;00:02:50
ImagingLog_e24.csv;12;a45d362ada99;a4:5d:36:2a:da:99;Created by FOG Reg on January 11, 2024, 11:20 am;DebRodrigo;Not Valid;16/01/2024;09:28:53;16/01/2024;09:31:42;2 minutes 49 seconds;Deploy;00:02:49
ImagingLog_e24.csv;13;a45d362aad1b;a4:5d:36:2a:ad:1b;Created by FOG Reg on January 11, 2024, 11:20 am;DebRodrigo;Not Valid;16/01/2024;09:28:54;16/01/2024;09:31:41;2 minutes 47 seconds;Deploy;00:02:47
ImagingLog_e24.csv;14;a45d362abd32;a4:5d:36:2a:bd:32;Created by FOG Reg on January 11, 2024, 11:20 am;DebRodrigo;Not Valid;16/01/2024;09:28:44;16/01/2024;09:31:42;2 minutes 58 seconds;Deploy;00:02:58
ImagingLog_e24.csv;16;a45d362a9df5;a4:5d:36:2a:9d:f5;Created by FOG Reg on January 11, 2024, 11:23 am;DebRodrigo;Not Valid;16/01/2024;09:28:52;16/01/2024;09:31:42;2 minutes 50 seconds;Deploy;00:02:50
ImagingLog_e24.csv;18;a45d362aadca;a4:5d:36:2a:ad:ca;Created by FOG Reg on January 12, 2024, 11:46 am;DebRodrigo;Not Valid;16/01/2024;09:28:51;16/01/2024;09:31:42;2 minutes 51 seconds;Deploy;00:02:51
ImagingLog_e25.csv;2;a45d362abd33;a4:5d:36:2a:bd:33;Created by FOG Reg on January 11, 2024, 11:18 am;DebRodrigo;Not Valid;16/01/2024;09:36:57;16/01/2024;09:39:50;2 minutes 53 seconds;Deploy;00:02:53
ImagingLog_e25.csv;3;a45d362a91f6;a4:5d:36:2a:91:f6;Created by FOG Reg on January 11, 2024, 11:18 am;DebRodrigo;Not Valid;16/01/2024;09:37:00;16/01/2024;09:39:51;2 minutes 51 seconds;Deploy;00:02:51
ImagingLog_e25.csv;4;a45d362aad8f;a4:5d:36:2a:ad:8f;Created by FOG Reg on January 11, 2024, 11:18 am;DebRodrigo;Not Valid;16/01/2024;09:36:56;16/01/2024;09:39:50;2 minutes 54 seconds;Deploy;00:02:54
ImagingLog_e25.csv;5;a45d362a9db8;a4:5d:36:2a:9d:b8;Created by FOG Reg on January 11, 2024, 11:19 am;DebRodrigo;Not Valid;16/01/2024;09:36:56;16/01/2024;09:39:50;2 minutes 54 seconds;Deploy;00:02:54
ImagingLog_e25.csv;7;a45d362abd2b;a4:5d:36:2a:bd:2b;Created by FOG Reg on January 11, 2024, 11:20 am;DebRodrigo;Not Valid;16/01/2024;09:37:46;16/01/2024;09:39:55;2 minutes 9 seconds;Deploy;00:02:09
ImagingLog_e25.csv;8;a45d362aed83;a4:5d:36:2a:ed:83;Created by FOG Reg on January 11, 2024, 11:20 am;DebRodrigo;Not Valid;16/01/2024;09:36:55;16/01/2024;09:39:50;2 minutes 55 seconds;Deploy;00:02:55
ImagingLog_e25.csv;9;fc15b4d90f77;fc:15:b4:d9:0f:77;Created by FOG Reg on January 11, 2024, 11:20 am;DebRodrigo;Not Valid;16/01/2024;09:36:56;16/01/2024;09:39:50;2 minutes 54 seconds;Deploy;00:02:54
ImagingLog_e25.csv;10;a45d362abd9d;a4:5d:36:2a:bd:9d;Created by FOG Reg on January 11, 2024, 11:20 am;DebRodrigo;Not Valid;16/01/2024;09:37:00;16/01/2024;09:39:50;2 minutes 50 seconds;Deploy;00:02:50
ImagingLog_e25.csv;11;a45d362a9143;a4:5d:36:2a:91:43;Created by FOG Reg on January 11, 2024, 11:20 am;DebRodrigo;Not Valid;16/01/2024;09:36:58;16/01/2024;09:39:51;2 minutes 53 seconds;Deploy;00:02:53
ImagingLog_e25.csv;12;a45d362ada99;a4:5d:36:2a:da:99;Created by FOG Reg on January 11, 2024, 11:20 am;DebRodrigo;Not Valid;16/01/2024;09:36:54;16/01/2024;09:39:50;2 minutes 56 seconds;Deploy;00:02:56
ImagingLog_e25.csv;13;a45d362aad1b;a4:5d:36:2a:ad:1b;Created by FOG Reg on January 11, 2024, 11:20 am;DebRodrigo;Not Valid;16/01/2024;09:37:00;16/01/2024;09:39:51;2 minutes 51 seconds;Deploy;00:02:51
ImagingLog_e25.csv;14;a45d362abd32;a4:5d:36:2a:bd:32;Created by FOG Reg on January 11, 2024, 11:20 am;DebRodrigo;Not Valid;16/01/2024;09:36:51;16/01/2024;09:39:49;2 minutes 58 seconds;Deploy;00:02:58
ImagingLog_e25.csv;16;a45d362a9df5;a4:5d:36:2a:9d:f5;Created by FOG Reg on January 11, 2024, 11:23 am;DebRodrigo;Not Valid;16/01/2024;09:36:57;16/01/2024;09:39:52;2 minutes 55 seconds;Deploy;00:02:55
ImagingLog_e25.csv;18;a45d362aadca;a4:5d:36:2a:ad:ca;Created by FOG Reg on January 12, 2024, 11:46 am;DebRodrigo;Not Valid;16/01/2024;09:36:56;16/01/2024;09:39:51;2 minutes 55 seconds;Deploy;00:02:55
ImagingLog_e26.csv;2;a45d362abd33;a4:5d:36:2a:bd:33;Created by FOG Reg on January 11, 2024, 11:18 am;DebRodrigo;Not Valid;16/01/2024;09:46:33;16/01/2024;09:49:28;2 minutes 55 seconds;Deploy;00:02:55
ImagingLog_e26.csv;3;a45d362a91f6;a4:5d:36:2a:91:f6;Created by FOG Reg on January 11, 2024, 11:18 am;DebRodrigo;Not Valid;16/01/2024;09:46:36;16/01/2024;09:49:29;2 minutes 53 seconds;Deploy;00:02:53
ImagingLog_e26.csv;4;a45d362aad8f;a4:5d:36:2a:ad:8f;Created by FOG Reg on January 11, 2024, 11:18 am;DebRodrigo;Not Valid;16/01/2024;09:46:32;16/01/2024;09:49:29;2 minutes 57 seconds;Deploy;00:02:57
ImagingLog_e26.csv;5;a45d362a9db8;a4:5d:36:2a:9d:b8;Created by FOG Reg on January 11, 2024, 11:19 am;DebRodrigo;Not Valid;16/01/2024;09:46:36;16/01/2024;09:49:29;2 minutes 53 seconds;Deploy;00:02:53
ImagingLog_e26.csv;7;a45d362abd2b;a4:5d:36:2a:bd:2b;Created by FOG Reg on January 11, 2024, 11:20 am;DebRodrigo;Not Valid;16/01/2024;09:47:22;16/01/2024;09:49:30;2 minutes 8 seconds;Deploy;00:02:08
ImagingLog_e26.csv;8;a45d362aed83;a4:5d:36:2a:ed:83;Created by FOG Reg on January 11, 2024, 11:20 am;DebRodrigo;Not Valid;16/01/2024;09:46:33;16/01/2024;09:49:30;2 minutes 57 seconds;Deploy;00:02:57
ImagingLog_e26.csv;9;fc15b4d90f77;fc:15:b4:d9:0f:77;Created by FOG Reg on January 11, 2024, 11:20 am;DebRodrigo;Not Valid;16/01/2024;09:46:32;16/01/2024;09:49:29;2 minutes 57 seconds;Deploy;00:02:57
ImagingLog_e26.csv;10;a45d362abd9d;a4:5d:36:2a:bd:9d;Created by FOG Reg on January 11, 2024, 11:20 am;DebRodrigo;Not Valid;16/01/2024;09:46:33;16/01/2024;09:49:28;2 minutes 55 seconds;Deploy;00:02:55
ImagingLog_e26.csv;11;a45d362a9143;a4:5d:36:2a:91:43;Created by FOG Reg on January 11, 2024, 11:20 am;DebRodrigo;Not Valid;16/01/2024;09:46:34;16/01/2024;09:49:28;2 minutes 54 seconds;Deploy;00:02:54
ImagingLog_e26.csv;12;a45d362ada99;a4:5d:36:2a:da:99;Created by FOG Reg on January 11, 2024, 11:20 am;DebRodrigo;Not Valid;16/01/2024;09:46:34;16/01/2024;09:49:29;2 minutes 55 seconds;Deploy;00:02:55
ImagingLog_e26.csv;13;a45d362aad1b;a4:5d:36:2a:ad:1b;Created by FOG Reg on January 11, 2024, 11:20 am;DebRodrigo;Not Valid;16/01/2024;09:46:35;16/01/2024;09:49:30;2 minutes 55 seconds;Deploy;00:02:55
ImagingLog_e26.csv;14;a45d362abd32;a4:5d:36:2a:bd:32;Created by FOG Reg on January 11, 2024, 11:20 am;DebRodrigo;Not Valid;16/01/2024;09:46:26;16/01/2024;09:49:29;3 minutes 3 seconds;Deploy;00:03:03
ImagingLog_e26.csv;16;a45d362a9df5;a4:5d:36:2a:9d:f5;Created by FOG Reg on January 11, 2024, 11:23 am;DebRodrigo;Not Valid;16/01/2024;09:46:33;16/01/2024;09:49:31;2 minutes 58 seconds;Deploy;00:02:58
ImagingLog_e26.csv;18;a45d362aadca;a4:5d:36:2a:ad:ca;Created by FOG Reg on January 12, 2024, 11:46 am;DebRodrigo;Not Valid;16/01/2024;09:46:32;16/01/2024;09:49:29;2 minutes 57 seconds;Deploy;00:02:57
ImagingLog_e27.csv;2;a45d362abd33;a4:5d:36:2a:bd:33;Created by FOG Reg on January 11, 2024, 11:18 am;DebRodrigo;Not Valid;16/01/2024;09:54:34;16/01/2024;09:57:26;2 minutes 52 seconds;Deploy;00:02:52
ImagingLog_e27.csv;3;a45d362a91f6;a4:5d:36:2a:91:f6;Created by FOG Reg on January 11, 2024, 11:18 am;DebRodrigo;Not Valid;16/01/2024;09:54:37;16/01/2024;09:57:26;2 minutes 49 seconds;Deploy;00:02:49
ImagingLog_e27.csv;4;a45d362aad8f;a4:5d:36:2a:ad:8f;Created by FOG Reg on January 11, 2024, 11:18 am;DebRodrigo;Not Valid;16/01/2024;09:54:33;16/01/2024;09:57:27;2 minutes 54 seconds;Deploy;00:02:54
ImagingLog_e27.csv;5;a45d362a9db8;a4:5d:36:2a:9d:b8;Created by FOG Reg on January 11, 2024, 11:19 am;DebRodrigo;Not Valid;16/01/2024;09:54:34;16/01/2024;09:57:27;2 minutes 53 seconds;Deploy;00:02:53
ImagingLog_e27.csv;7;a45d362abd2b;a4:5d:36:2a:bd:2b;Created by FOG Reg on January 11, 2024, 11:20 am;DebRodrigo;Not Valid;16/01/2024;09:55:21;16/01/2024;09:57:26;2 minutes 5 seconds;Deploy;00:02:05
ImagingLog_e27.csv;8;a45d362aed83;a4:5d:36:2a:ed:83;Created by FOG Reg on January 11, 2024, 11:20 am;DebRodrigo;Not Valid;16/01/2024;09:54:31;16/01/2024;09:57:28;2 minutes 57 seconds;Deploy;00:02:57
ImagingLog_e27.csv;9;fc15b4d90f77;fc:15:b4:d9:0f:77;Created by FOG Reg on January 11, 2024, 11:20 am;DebRodrigo;Not Valid;16/01/2024;09:54:31;16/01/2024;09:57:28;2 minutes 57 seconds;Deploy;00:02:57
ImagingLog_e27.csv;10;a45d362abd9d;a4:5d:36:2a:bd:9d;Created by FOG Reg on January 11, 2024, 11:20 am;DebRodrigo;Not Valid;16/01/2024;09:54:35;16/01/2024;09:57:26;2 minutes 51 seconds;Deploy;00:02:51
ImagingLog_e27.csv;11;a45d362a9143;a4:5d:36:2a:91:43;Created by FOG Reg on January 11, 2024, 11:20 am;DebRodrigo;Not Valid;16/01/2024;09:54:33;16/01/2024;09:57:26;2 minutes 53 seconds;Deploy;00:02:53
ImagingLog_e27.csv;12;a45d362ada99;a4:5d:36:2a:da:99;Created by FOG Reg on January 11, 2024, 11:20 am;DebRodrigo;Not Valid;16/01/2024;09:54:34;16/01/2024;09:57:27;2 minutes 53 seconds;Deploy;00:02:53
ImagingLog_e27.csv;13;a45d362aad1b;a4:5d:36:2a:ad:1b;Created by FOG Reg on January 11, 2024, 11:20 am;DebRodrigo;Not Valid;16/01/2024;09:54:36;16/01/2024;09:57:27;2 minutes 51 seconds;Deploy;00:02:51
ImagingLog_e27.csv;14;a45d362abd32;a4:5d:36:2a:bd:32;Created by FOG Reg on January 11, 2024, 11:20 am;DebRodrigo;Not Valid;16/01/2024;09:54:26;16/01/2024;09:57:27;3 minutes 1 second;Deploy;00:03:01
ImagingLog_e27.csv;16;a45d362a9df5;a4:5d:36:2a:9d:f5;Created by FOG Reg on January 11, 2024, 11:23 am;DebRodrigo;Not Valid;16/01/2024;09:54:33;16/01/2024;09:57:26;2 minutes 53 seconds;Deploy;00:02:53
ImagingLog_e27.csv;18;a45d362aadca;a4:5d:36:2a:ad:ca;Created by FOG Reg on January 12, 2024, 11:46 am;DebRodrigo;Not Valid;16/01/2024;09:54:30;16/01/2024;09:57:27;2 minutes 57 seconds;Deploy;00:02:57
ImagingLog_e28.csv;2;a45d362abd33;a4:5d:36:2a:bd:33;Created by FOG Reg on January 11, 2024, 11:18 am;DebRodrigo;Not Valid;16/01/2024;10:02:57;16/01/2024;10:05:49;2 minutes 52 seconds;Deploy;00:02:52
ImagingLog_e28.csv;3;a45d362a91f6;a4:5d:36:2a:91:f6;Created by FOG Reg on January 11, 2024, 11:18 am;DebRodrigo;Not Valid;16/01/2024;10:03:01;16/01/2024;10:05:50;2 minutes 49 seconds;Deploy;00:02:49
ImagingLog_e28.csv;4;a45d362aad8f;a4:5d:36:2a:ad:8f;Created by FOG Reg on January 11, 2024, 11:18 am;DebRodrigo;Not Valid;16/01/2024;10:02:55;16/01/2024;10:05:48;2 minutes 53 seconds;Deploy;00:02:53
ImagingLog_e28.csv;5;a45d362a9db8;a4:5d:36:2a:9d:b8;Created by FOG Reg on January 11, 2024, 11:19 am;DebRodrigo;Not Valid;16/01/2024;10:02:59;16/01/2024;10:05:49;2 minutes 50 seconds;Deploy;00:02:50
ImagingLog_e28.csv;7;a45d362abd2b;a4:5d:36:2a:bd:2b;Created by FOG Reg on January 11, 2024, 11:20 am;DebRodrigo;Not Valid;16/01/2024;10:03:43;16/01/2024;10:05:49;2 minutes 6 seconds;Deploy;00:02:06
ImagingLog_e28.csv;8;a45d362aed83;a4:5d:36:2a:ed:83;Created by FOG Reg on January 11, 2024, 11:20 am;DebRodrigo;Not Valid;16/01/2024;10:02:54;16/01/2024;10:05:49;2 minutes 55 seconds;Deploy;00:02:55
ImagingLog_e28.csv;9;fc15b4d90f77;fc:15:b4:d9:0f:77;Created by FOG Reg on January 11, 2024, 11:20 am;DebRodrigo;Not Valid;16/01/2024;10:02:55;16/01/2024;10:05:48;2 minutes 53 seconds;Deploy;00:02:53
ImagingLog_e28.csv;10;a45d362abd9d;a4:5d:36:2a:bd:9d;Created by FOG Reg on January 11, 2024, 11:20 am;DebRodrigo;Not Valid;16/01/2024;10:02:58;16/01/2024;10:05:49;2 minutes 51 seconds;Deploy;00:02:51
ImagingLog_e28.csv;11;a45d362a9143;a4:5d:36:2a:91:43;Created by FOG Reg on January 11, 2024, 11:20 am;DebRodrigo;Not Valid;16/01/2024;10:02:57;16/01/2024;10:05:49;2 minutes 52 seconds;Deploy;00:02:52
ImagingLog_e28.csv;12;a45d362ada99;a4:5d:36:2a:da:99;Created by FOG Reg on January 11, 2024, 11:20 am;DebRodrigo;Not Valid;16/01/2024;10:02:56;16/01/2024;10:05:50;2 minutes 54 seconds;Deploy;00:02:54
ImagingLog_e28.csv;13;a45d362aad1b;a4:5d:36:2a:ad:1b;Created by FOG Reg on January 11, 2024, 11:20 am;DebRodrigo;Not Valid;16/01/2024;10:03:00;16/01/2024;10:05:48;2 minutes 48 seconds;Deploy;00:02:48
ImagingLog_e28.csv;14;a45d362abd32;a4:5d:36:2a:bd:32;Created by FOG Reg on January 11, 2024, 11:20 am;DebRodrigo;Not Valid;16/01/2024;10:02:49;16/01/2024;10:05:50;3 minutes 1 second;Deploy;00:03:01
ImagingLog_e28.csv;16;a45d362a9df5;a4:5d:36:2a:9d:f5;Created by FOG Reg on January 11, 2024, 11:23 am;DebRodrigo;Not Valid;16/01/2024;10:02:56;16/01/2024;10:05:48;2 minutes 52 seconds;Deploy;00:02:52
ImagingLog_e28.csv;18;a45d362aadca;a4:5d:36:2a:ad:ca;Created by FOG Reg on January 12, 2024, 11:46 am;DebRodrigo;Not Valid;16/01/2024;10:02:54;16/01/2024;10:05:49;2 minutes 55 seconds;Deploy;00:02:55
ImagingLog_e29.csv;2;a45d362abd33;a4:5d:36:2a:bd:33;Created by FOG Reg on January 11, 2024, 11:18 am;DebRodrigo;Not Valid;16/01/2024;10:10:48;16/01/2024;10:17:10;6 minutes 22 seconds;Deploy;00:06:22
ImagingLog_e29.csv;3;a45d362a91f6;a4:5d:36:2a:91:f6;Created by FOG Reg on January 11, 2024, 11:18 am;DebRodrigo;Not Valid;16/01/2024;10:10:53;16/01/2024;10:17:09;6 minutes 16 seconds;Deploy;00:06:16
ImagingLog_e29.csv;4;a45d362aad8f;a4:5d:36:2a:ad:8f;Created by FOG Reg on January 11, 2024, 11:18 am;DebRodrigo;Not Valid;16/01/2024;10:10:46;16/01/2024;10:17:08;6 minutes 22 seconds;Deploy;00:06:22
ImagingLog_e29.csv;5;a45d362a9db8;a4:5d:36:2a:9d:b8;Created by FOG Reg on January 11, 2024, 11:19 am;DebRodrigo;Not Valid;16/01/2024;10:10:50;16/01/2024;10:17:09;6 minutes 19 seconds;Deploy;00:06:19
ImagingLog_e29.csv;7;a45d362abd2b;a4:5d:36:2a:bd:2b;Created by FOG Reg on January 11, 2024, 11:20 am;DebRodrigo;Not Valid;16/01/2024;10:15:03;16/01/2024;10:17:08;2 minutes 5 seconds;Deploy;00:02:05
ImagingLog_e29.csv;8;a45d362aed83;a4:5d:36:2a:ed:83;Created by FOG Reg on January 11, 2024, 11:20 am;DebRodrigo;Not Valid;16/01/2024;10:10:46;16/01/2024;10:17:09;6 minutes 23 seconds;Deploy;00:06:23
ImagingLog_e29.csv;9;fc15b4d90f77;fc:15:b4:d9:0f:77;Created by FOG Reg on January 11, 2024, 11:20 am;DebRodrigo;Not Valid;16/01/2024;10:10:45;16/01/2024;10:17:09;6 minutes 24 seconds;Deploy;00:06:24
ImagingLog_e29.csv;10;a45d362abd9d;a4:5d:36:2a:bd:9d;Created by FOG Reg on January 11, 2024, 11:20 am;DebRodrigo;Not Valid;16/01/2024;10:10:50;16/01/2024;10:17:10;6 minutes 20 seconds;Deploy;00:06:20
ImagingLog_e29.csv;11;a45d362a9143;a4:5d:36:2a:91:43;Created by FOG Reg on January 11, 2024, 11:20 am;DebRodrigo;Not Valid;16/01/2024;10:10:49;16/01/2024;10:17:10;6 minutes 21 seconds;Deploy;00:06:21
ImagingLog_e29.csv;12;a45d362ada99;a4:5d:36:2a:da:99;Created by FOG Reg on January 11, 2024, 11:20 am;DebRodrigo;Not Valid;16/01/2024;10:10:48;16/01/2024;10:17:09;6 minutes 21 seconds;Deploy;00:06:21
ImagingLog_e29.csv;13;a45d362aad1b;a4:5d:36:2a:ad:1b;Created by FOG Reg on January 11, 2024, 11:20 am;DebRodrigo;Not Valid;16/01/2024;10:10:51;16/01/2024;10:17:08;6 minutes 17 seconds;Deploy;00:06:17
ImagingLog_e29.csv;14;a45d362abd32;a4:5d:36:2a:bd:32;Created by FOG Reg on January 11, 2024, 11:20 am;DebRodrigo;Not Valid;16/01/2024;10:10:42;16/01/2024;10:17:10;6 minutes 28 seconds;Deploy;00:06:28
ImagingLog_e29.csv;16;a45d362a9df5;a4:5d:36:2a:9d:f5;Created by FOG Reg on January 11, 2024, 11:23 am;DebRodrigo;Not Valid;16/01/2024;10:10:47;16/01/2024;10:17:10;6 minutes 23 seconds;Deploy;00:06:23
ImagingLog_e29.csv;18;a45d362aadca;a4:5d:36:2a:ad:ca;Created by FOG Reg on January 12, 2024, 11:46 am;DebRodrigo;Not Valid;16/01/2024;10:10:47;16/01/2024;10:17:10;6 minutes 23 seconds;Deploy;00:06:23
ImagingLog_e30.csv;2;a45d362abd33;a4:5d:36:2a:bd:33;Created by FOG Reg on January 11, 2024, 11:18 am;DebRodrigo;Not Valid;16/01/2024;10:22:13;16/01/2024;10:25:13;3 minutes ;Deploy;00:03:00
ImagingLog_e30.csv;3;a45d362a91f6;a4:5d:36:2a:91:f6;Created by FOG Reg on January 11, 2024, 11:18 am;DebRodrigo;Not Valid;16/01/2024;10:22:17;16/01/2024;10:25:14;2 minutes 57 seconds;Deploy;00:02:57
ImagingLog_e30.csv;4;a45d362aad8f;a4:5d:36:2a:ad:8f;Created by FOG Reg on January 11, 2024, 11:18 am;DebRodrigo;Not Valid;16/01/2024;10:22:11;16/01/2024;10:25:13;3 minutes 2 seconds;Deploy;00:03:02
ImagingLog_e30.csv;5;a45d362a9db8;a4:5d:36:2a:9d:b8;Created by FOG Reg on January 11, 2024, 11:19 am;DebRodrigo;Not Valid;16/01/2024;10:22:13;16/01/2024;10:25:12;2 minutes 59 seconds;Deploy;00:02:59
ImagingLog_e30.csv;7;a45d362abd2b;a4:5d:36:2a:bd:2b;Created by FOG Reg on January 11, 2024, 11:20 am;DebRodrigo;Not Valid;16/01/2024;10:23:08;16/01/2024;10:25:12;2 minutes 4 seconds;Deploy;00:02:04
ImagingLog_e30.csv;8;a45d362aed83;a4:5d:36:2a:ed:83;Created by FOG Reg on January 11, 2024, 11:20 am;DebRodrigo;Not Valid;16/01/2024;10:22:11;16/01/2024;10:25:12;3 minutes 1 second;Deploy;00:03:01
ImagingLog_e30.csv;9;fc15b4d90f77;fc:15:b4:d9:0f:77;Created by FOG Reg on January 11, 2024, 11:20 am;DebRodrigo;Not Valid;16/01/2024;10:22:11;16/01/2024;10:25:14;3 minutes 3 seconds;Deploy;00:03:03
ImagingLog_e30.csv;10;a45d362abd9d;a4:5d:36:2a:bd:9d;Created by FOG Reg on January 11, 2024, 11:20 am;DebRodrigo;Not Valid;16/01/2024;10:22:13;16/01/2024;10:25:13;3 minutes ;Deploy;00:03:00
ImagingLog_e30.csv;11;a45d362a9143;a4:5d:36:2a:91:43;Created by FOG Reg on January 11, 2024, 11:20 am;DebRodrigo;Not Valid;16/01/2024;10:22:11;16/01/2024;10:25:14;3 minutes 3 seconds;Deploy;00:03:03
ImagingLog_e30.csv;12;a45d362ada99;a4:5d:36:2a:da:99;Created by FOG Reg on January 11, 2024, 11:20 am;DebRodrigo;Not Valid;16/01/2024;10:22:12;16/01/2024;10:25:12;3 minutes ;Deploy;00:03:00
ImagingLog_e30.csv;13;a45d362aad1b;a4:5d:36:2a:ad:1b;Created by FOG Reg on January 11, 2024, 11:20 am;DebRodrigo;Not Valid;16/01/2024;10:22:15;16/01/2024;10:25:15;3 minutes ;Deploy;00:03:00
ImagingLog_e30.csv;14;a45d362abd32;a4:5d:36:2a:bd:32;Created by FOG Reg on January 11, 2024, 11:20 am;DebRodrigo;Not Valid;16/01/2024;10:22:04;16/01/2024;10:25:12;3 minutes 8 seconds;Deploy;00:03:08
ImagingLog_e30.csv;16;a45d362a9df5;a4:5d:36:2a:9d:f5;Created by FOG Reg on January 11, 2024, 11:23 am;DebRodrigo;Not Valid;16/01/2024;10:22:13;16/01/2024;10:25:14;3 minutes 1 second;Deploy;00:03:01
ImagingLog_e30.csv;18;a45d362aadca;a4:5d:36:2a:ad:ca;Created by FOG Reg on January 12, 2024, 11:46 am;DebRodrigo;Not Valid;16/01/2024;10:22:09;16/01/2024;10:25:14;3 minutes 5 seconds;Deploy;00:03:05
