Created By;Host ID;Host Name;Host MAC;Host Desc;Image Name;Image Path;Start Date;Start Time;End Date;End Time;Duration;Deploy/Capture;Tempo
fog;19;a45d362a9df5;a4:5d:36:2a:9d:f5;Created by FOG Reg on January 17, 2024, 9:57 am;DebRodrigo;Not Valid;18/01/2024;10:09:00;18/01/2024;10:10:54;1 minute 54 seconds;Deploy;00:01:54
fog;20;a45d362aad8f;a4:5d:36:2a:ad:8f;Created by FOG Reg on January 17, 2024, 10:01 am;DebRodrigo;Not Valid;18/01/2024;10:08:59;18/01/2024;10:11:04;2 minutes 5 seconds;Deploy;00:02:05
fog;21;a45d362a91f6;a4:5d:36:2a:91:f6;Created by FOG Reg on January 17, 2024, 10:01 am;DebRodrigo;Not Valid;18/01/2024;10:09:00;18/01/2024;10:11:12;2 minutes 12 seconds;Deploy;00:02:12
fog;22;a45d362abd33;a4:5d:36:2a:bd:33;Created by FOG Reg on January 17, 2024, 10:02 am;DebRodrigo;Not Valid;18/01/2024;10:08:59;18/01/2024;10:11:14;2 minutes 15 seconds;Deploy;00:02:15
fog;23;a45d362abd9d;a4:5d:36:2a:bd:9d;Created by FOG Reg on January 17, 2024, 10:03 am;DebRodrigo;Not Valid;18/01/2024;10:08:56;18/01/2024;10:11:20;2 minutes 24 seconds;Deploy;00:02:24
fog;24;fc15b4d90f77;fc:15:b4:d9:0f:77;Created by FOG Reg on January 17, 2024, 10:03 am;DebRodrigo;Not Valid;18/01/2024;10:08:54;18/01/2024;10:10:38;1 minute 44 seconds;Deploy;00:01:44
fog;25;a45d362aed83;a4:5d:36:2a:ed:83;Created by FOG Reg on January 17, 2024, 10:03 am;DebRodrigo;Not Valid;18/01/2024;10:08:57;18/01/2024;10:11:11;2 minutes 14 seconds;Deploy;00:02:14
fog;26;a45d362aadca;a4:5d:36:2a:ad:ca;Created by FOG Reg on January 17, 2024, 10:03 am;DebRodrigo;Not Valid;18/01/2024;10:08:59;18/01/2024;10:10:56;1 minute 57 seconds;Deploy;00:01:57
fog;27;a45d362a9143;a4:5d:36:2a:91:43;Created by FOG Reg on January 17, 2024, 10:04 am;DebRodrigo;Not Valid;18/01/2024;10:08:57;18/01/2024;10:10:48;1 minute 51 seconds;Deploy;00:01:51
fog;28;a45d362ada99;a4:5d:36:2a:da:99;Created by FOG Reg on January 17, 2024, 10:04 am;DebRodrigo;Not Valid;18/01/2024;10:08:58;18/01/2024;10:11:14;2 minutes 16 seconds;Deploy;00:02:16
fog;29;a45d362aad1b;a4:5d:36:2a:ad:1b;Created by FOG Reg on January 17, 2024, 10:04 am;DebRodrigo;Not Valid;18/01/2024;10:08:57;18/01/2024;10:11:11;2 minutes 14 seconds;Deploy;00:02:14
fog;30;a45d362abd32;a4:5d:36:2a:bd:32;Created by FOG Reg on January 17, 2024, 10:05 am;DebRodrigo;Not Valid;18/01/2024;10:08:52;18/01/2024;10:10:20;1 minute 28 seconds;Deploy;00:01:28
fog;31;a45d362abd2b;a4:5d:36:2a:bd:2b;Created by FOG Reg on January 17, 2024, 10:05 am;DebRodrigo;Not Valid;18/01/2024;10:09:51;18/01/2024;10:12:05;2 minutes 14 seconds;Deploy;00:02:14
fog;32;a45d362a9db8;a4:5d:36:2a:9d:b8;Created by FOG Reg on January 17, 2024, 10:05 am;DebRodrigo;Not Valid;18/01/2024;10:09:00;18/01/2024;10:11:00;2 minutes ;Deploy;00:02:00
fog;19;a45d362a9df5;a4:5d:36:2a:9d:f5;Created by FOG Reg on January 17, 2024, 9:57 am;DebRodrigo;Not Valid;18/01/2024;10:13:35;18/01/2024;10:15:50;2 minutes 15 seconds;Deploy;00:02:15
fog;20;a45d362aad8f;a4:5d:36:2a:ad:8f;Created by FOG Reg on January 17, 2024, 10:01 am;DebRodrigo;Not Valid;18/01/2024;10:13:31;18/01/2024;10:15:21;1 minute 50 seconds;Deploy;00:01:50
fog;21;a45d362a91f6;a4:5d:36:2a:91:f6;Created by FOG Reg on January 17, 2024, 10:01 am;DebRodrigo;Not Valid;18/01/2024;10:13:35;18/01/2024;10:15:48;2 minutes 13 seconds;Deploy;00:02:13
fog;22;a45d362abd33;a4:5d:36:2a:bd:33;Created by FOG Reg on January 17, 2024, 10:02 am;DebRodrigo;Not Valid;18/01/2024;10:13:33;18/01/2024;10:15:37;2 minutes 4 seconds;Deploy;00:02:04
fog;23;a45d362abd9d;a4:5d:36:2a:bd:9d;Created by FOG Reg on January 17, 2024, 10:03 am;DebRodrigo;Not Valid;18/01/2024;10:13:30;18/01/2024;10:15:17;1 minute 47 seconds;Deploy;00:01:47
fog;24;fc15b4d90f77;fc:15:b4:d9:0f:77;Created by FOG Reg on January 17, 2024, 10:03 am;DebRodrigo;Not Valid;18/01/2024;10:13:34;18/01/2024;10:15:42;2 minutes 8 seconds;Deploy;00:02:08
fog;25;a45d362aed83;a4:5d:36:2a:ed:83;Created by FOG Reg on January 17, 2024, 10:03 am;DebRodrigo;Not Valid;18/01/2024;10:13:34;18/01/2024;10:15:49;2 minutes 15 seconds;Deploy;00:02:15
fog;26;a45d362aadca;a4:5d:36:2a:ad:ca;Created by FOG Reg on January 17, 2024, 10:03 am;DebRodrigo;Not Valid;18/01/2024;10:13:33;18/01/2024;10:15:34;2 minutes 1 second;Deploy;00:02:01
fog;27;a45d362a9143;a4:5d:36:2a:91:43;Created by FOG Reg on January 17, 2024, 10:04 am;DebRodrigo;Not Valid;18/01/2024;10:13:34;18/01/2024;10:15:48;2 minutes 14 seconds;Deploy;00:02:14
fog;28;a45d362ada99;a4:5d:36:2a:da:99;Created by FOG Reg on January 17, 2024, 10:04 am;DebRodrigo;Not Valid;18/01/2024;10:13:33;18/01/2024;10:15:49;2 minutes 16 seconds;Deploy;00:02:16
fog;29;a45d362aad1b;a4:5d:36:2a:ad:1b;Created by FOG Reg on January 17, 2024, 10:04 am;DebRodrigo;Not Valid;18/01/2024;10:13:34;18/01/2024;10:15:47;2 minutes 13 seconds;Deploy;00:02:13
fog;30;a45d362abd32;a4:5d:36:2a:bd:32;Created by FOG Reg on January 17, 2024, 10:05 am;DebRodrigo;Not Valid;18/01/2024;10:13:27;18/01/2024;10:14:56;1 minute 29 seconds;Deploy;00:01:29
fog;31;a45d362abd2b;a4:5d:36:2a:bd:2b;Created by FOG Reg on January 17, 2024, 10:05 am;DebRodrigo;Not Valid;18/01/2024;10:14:22;18/01/2024;10:16:31;2 minutes 9 seconds;Deploy;00:02:09
fog;32;a45d362a9db8;a4:5d:36:2a:9d:b8;Created by FOG Reg on January 17, 2024, 10:05 am;DebRodrigo;Not Valid;18/01/2024;10:13:33;18/01/2024;10:15:47;2 minutes 14 seconds;Deploy;00:02:14
fog;19;a45d362a9df5;a4:5d:36:2a:9d:f5;Created by FOG Reg on January 17, 2024, 9:57 am;DebRodrigo;Not Valid;18/01/2024;10:18:04;18/01/2024;10:20:13;2 minutes 9 seconds;Deploy;00:02:09
fog;20;a45d362aad8f;a4:5d:36:2a:ad:8f;Created by FOG Reg on January 17, 2024, 10:01 am;DebRodrigo;Not Valid;18/01/2024;10:18:03;18/01/2024;10:20:15;2 minutes 12 seconds;Deploy;00:02:12
fog;21;a45d362a91f6;a4:5d:36:2a:91:f6;Created by FOG Reg on January 17, 2024, 10:01 am;DebRodrigo;Not Valid;18/01/2024;10:18:06;18/01/2024;10:20:19;2 minutes 13 seconds;Deploy;00:02:13
fog;22;a45d362abd33;a4:5d:36:2a:bd:33;Created by FOG Reg on January 17, 2024, 10:02 am;DebRodrigo;Not Valid;18/01/2024;10:18:03;18/01/2024;10:20:19;2 minutes 16 seconds;Deploy;00:02:16
fog;23;a45d362abd9d;a4:5d:36:2a:bd:9d;Created by FOG Reg on January 17, 2024, 10:03 am;DebRodrigo;Not Valid;18/01/2024;10:18:03;18/01/2024;10:20:21;2 minutes 18 seconds;Deploy;00:02:18
fog;24;fc15b4d90f77;fc:15:b4:d9:0f:77;Created by FOG Reg on January 17, 2024, 10:03 am;DebRodrigo;Not Valid;18/01/2024;10:18:02;18/01/2024;10:19:53;1 minute 51 seconds;Deploy;00:01:51
fog;25;a45d362aed83;a4:5d:36:2a:ed:83;Created by FOG Reg on January 17, 2024, 10:03 am;DebRodrigo;Not Valid;18/01/2024;10:18:02;18/01/2024;10:20:01;1 minute 59 seconds;Deploy;00:01:59
fog;26;a45d362aadca;a4:5d:36:2a:ad:ca;Created by FOG Reg on January 17, 2024, 10:03 am;DebRodrigo;Not Valid;18/01/2024;10:18:00;18/01/2024;10:19:40;1 minute 40 seconds;Deploy;00:01:40
fog;27;a45d362a9143;a4:5d:36:2a:91:43;Created by FOG Reg on January 17, 2024, 10:04 am;DebRodrigo;Not Valid;18/01/2024;10:18:03;18/01/2024;10:20:14;2 minutes 11 seconds;Deploy;00:02:11
fog;28;a45d362ada99;a4:5d:36:2a:da:99;Created by FOG Reg on January 17, 2024, 10:04 am;DebRodrigo;Not Valid;18/01/2024;10:18:03;18/01/2024;10:20:17;2 minutes 14 seconds;Deploy;00:02:14
fog;29;a45d362aad1b;a4:5d:36:2a:ad:1b;Created by FOG Reg on January 17, 2024, 10:04 am;DebRodrigo;Not Valid;18/01/2024;10:18:02;18/01/2024;10:20:14;2 minutes 12 seconds;Deploy;00:02:12
fog;30;a45d362abd32;a4:5d:36:2a:bd:32;Created by FOG Reg on January 17, 2024, 10:05 am;DebRodrigo;Not Valid;18/01/2024;10:17:56;18/01/2024;10:19:31;1 minute 35 seconds;Deploy;00:01:35
fog;31;a45d362abd2b;a4:5d:36:2a:bd:2b;Created by FOG Reg on January 17, 2024, 10:05 am;DebRodrigo;Not Valid;18/01/2024;10:18:52;18/01/2024;10:21:02;2 minutes 10 seconds;Deploy;00:02:10
fog;32;a45d362a9db8;a4:5d:36:2a:9d:b8;Created by FOG Reg on January 17, 2024, 10:05 am;DebRodrigo;Not Valid;18/01/2024;10:18:02;18/01/2024;10:20:19;2 minutes 17 seconds;Deploy;00:02:17
fog;19;a45d362a9df5;a4:5d:36:2a:9d:f5;Created by FOG Reg on January 17, 2024, 9:57 am;DebRodrigo;Not Valid;18/01/2024;10:23:57;18/01/2024;10:25:59;2 minutes 2 seconds;Deploy;00:02:02
fog;20;a45d362aad8f;a4:5d:36:2a:ad:8f;Created by FOG Reg on January 17, 2024, 10:01 am;DebRodrigo;Not Valid;18/01/2024;10:23:56;18/01/2024;10:26:04;2 minutes 8 seconds;Deploy;00:02:08
fog;21;a45d362a91f6;a4:5d:36:2a:91:f6;Created by FOG Reg on January 17, 2024, 10:01 am;DebRodrigo;Not Valid;18/01/2024;10:23:54;18/01/2024;10:25:40;1 minute 46 seconds;Deploy;00:01:46
fog;22;a45d362abd33;a4:5d:36:2a:bd:33;Created by FOG Reg on January 17, 2024, 10:02 am;DebRodrigo;Not Valid;18/01/2024;10:23:55;18/01/2024;10:26:05;2 minutes 10 seconds;Deploy;00:02:10
fog;23;a45d362abd9d;a4:5d:36:2a:bd:9d;Created by FOG Reg on January 17, 2024, 10:03 am;DebRodrigo;Not Valid;18/01/2024;10:23:54;18/01/2024;10:26:02;2 minutes 8 seconds;Deploy;00:02:08
fog;24;fc15b4d90f77;fc:15:b4:d9:0f:77;Created by FOG Reg on January 17, 2024, 10:03 am;DebRodrigo;Not Valid;18/01/2024;10:23:56;18/01/2024;10:26:07;2 minutes 11 seconds;Deploy;00:02:11
fog;25;a45d362aed83;a4:5d:36:2a:ed:83;Created by FOG Reg on January 17, 2024, 10:03 am;DebRodrigo;Not Valid;18/01/2024;10:23:55;18/01/2024;10:26:02;2 minutes 7 seconds;Deploy;00:02:07
fog;26;a45d362aadca;a4:5d:36:2a:ad:ca;Created by FOG Reg on January 17, 2024, 10:03 am;DebRodrigo;Not Valid;18/01/2024;10:23:54;18/01/2024;10:25:40;1 minute 46 seconds;Deploy;00:01:46
fog;27;a45d362a9143;a4:5d:36:2a:91:43;Created by FOG Reg on January 17, 2024, 10:04 am;DebRodrigo;Not Valid;18/01/2024;10:23:58;18/01/2024;10:26:11;2 minutes 13 seconds;Deploy;00:02:13
fog;28;a45d362ada99;a4:5d:36:2a:da:99;Created by FOG Reg on January 17, 2024, 10:04 am;DebRodrigo;Not Valid;18/01/2024;10:23:57;18/01/2024;10:26:04;2 minutes 7 seconds;Deploy;00:02:07
fog;29;a45d362aad1b;a4:5d:36:2a:ad:1b;Created by FOG Reg on January 17, 2024, 10:04 am;DebRodrigo;Not Valid;18/01/2024;10:23:57;18/01/2024;10:26:08;2 minutes 11 seconds;Deploy;00:02:11
fog;30;a45d362abd32;a4:5d:36:2a:bd:32;Created by FOG Reg on January 17, 2024, 10:05 am;DebRodrigo;Not Valid;18/01/2024;10:23:51;18/01/2024;10:25:20;1 minute 29 seconds;Deploy;00:01:29
fog;31;a45d362abd2b;a4:5d:36:2a:bd:2b;Created by FOG Reg on January 17, 2024, 10:05 am;DebRodrigo;Not Valid;18/01/2024;10:26:41;18/01/2024;10:28:41;2 minutes ;Deploy;00:02:00
fog;32;a45d362a9db8;a4:5d:36:2a:9d:b8;Created by FOG Reg on January 17, 2024, 10:05 am;DebRodrigo;Not Valid;18/01/2024;10:23:56;18/01/2024;10:26:07;2 minutes 11 seconds;Deploy;00:02:11
fog;19;a45d362a9df5;a4:5d:36:2a:9d:f5;Created by FOG Reg on January 17, 2024, 9:57 am;DebRodrigo;Not Valid;18/01/2024;10:31:16;18/01/2024;10:33:31;2 minutes 15 seconds;Deploy;00:02:15
fog;20;a45d362aad8f;a4:5d:36:2a:ad:8f;Created by FOG Reg on January 17, 2024, 10:01 am;DebRodrigo;Not Valid;18/01/2024;10:31:16;18/01/2024;10:33:37;2 minutes 21 seconds;Deploy;00:02:21
fog;21;a45d362a91f6;a4:5d:36:2a:91:f6;Created by FOG Reg on January 17, 2024, 10:01 am;DebRodrigo;Not Valid;18/01/2024;10:31:16;18/01/2024;10:33:34;2 minutes 18 seconds;Deploy;00:02:18
fog;22;a45d362abd33;a4:5d:36:2a:bd:33;Created by FOG Reg on January 17, 2024, 10:02 am;DebRodrigo;Not Valid;18/01/2024;10:31:15;18/01/2024;10:33:32;2 minutes 17 seconds;Deploy;00:02:17
fog;23;a45d362abd9d;a4:5d:36:2a:bd:9d;Created by FOG Reg on January 17, 2024, 10:03 am;DebRodrigo;Not Valid;18/01/2024;10:31:13;18/01/2024;10:33:26;2 minutes 13 seconds;Deploy;00:02:13
fog;24;fc15b4d90f77;fc:15:b4:d9:0f:77;Created by FOG Reg on January 17, 2024, 10:03 am;DebRodrigo;Not Valid;18/01/2024;10:31:14;18/01/2024;10:33:15;2 minutes 1 second;Deploy;00:02:01
fog;25;a45d362aed83;a4:5d:36:2a:ed:83;Created by FOG Reg on January 17, 2024, 10:03 am;DebRodrigo;Not Valid;18/01/2024;10:31:14;18/01/2024;10:32:49;1 minute 35 seconds;Deploy;00:01:35
fog;26;a45d362aadca;a4:5d:36:2a:ad:ca;Created by FOG Reg on January 17, 2024, 10:03 am;DebRodrigo;Not Valid;18/01/2024;10:31:15;18/01/2024;10:33:14;1 minute 59 seconds;Deploy;00:01:59
fog;27;a45d362a9143;a4:5d:36:2a:91:43;Created by FOG Reg on January 17, 2024, 10:04 am;DebRodrigo;Not Valid;18/01/2024;10:31:15;18/01/2024;10:33:08;1 minute 53 seconds;Deploy;00:01:53
fog;28;a45d362ada99;a4:5d:36:2a:da:99;Created by FOG Reg on January 17, 2024, 10:04 am;DebRodrigo;Not Valid;18/01/2024;10:31:15;18/01/2024;10:33:28;2 minutes 13 seconds;Deploy;00:02:13
fog;29;a45d362aad1b;a4:5d:36:2a:ad:1b;Created by FOG Reg on January 17, 2024, 10:04 am;DebRodrigo;Not Valid;18/01/2024;10:31:16;18/01/2024;10:33:34;2 minutes 18 seconds;Deploy;00:02:18
fog;30;a45d362abd32;a4:5d:36:2a:bd:32;Created by FOG Reg on January 17, 2024, 10:05 am;DebRodrigo;Not Valid;18/01/2024;10:31:08;18/01/2024;10:32:43;1 minute 35 seconds;Deploy;00:01:35
fog;31;a45d362abd2b;a4:5d:36:2a:bd:2b;Created by FOG Reg on January 17, 2024, 10:05 am;DebRodrigo;Not Valid;18/01/2024;10:31:17;18/01/2024;10:33:40;2 minutes 23 seconds;Deploy;00:02:23
fog;32;a45d362a9db8;a4:5d:36:2a:9d:b8;Created by FOG Reg on January 17, 2024, 10:05 am;DebRodrigo;Not Valid;18/01/2024;10:31:14;18/01/2024;10:33:35;2 minutes 21 seconds;Deploy;00:02:21
fog;19;a45d362a9df5;a4:5d:36:2a:9d:f5;Created by FOG Reg on January 17, 2024, 9:57 am;DebRodrigo;Not Valid;18/01/2024;10:35:29;18/01/2024;10:37:36;2 minutes 7 seconds;Deploy;00:02:07
fog;20;a45d362aad8f;a4:5d:36:2a:ad:8f;Created by FOG Reg on January 17, 2024, 10:01 am;DebRodrigo;Not Valid;18/01/2024;10:35:28;18/01/2024;10:37:22;1 minute 54 seconds;Deploy;00:01:54
fog;21;a45d362a91f6;a4:5d:36:2a:91:f6;Created by FOG Reg on January 17, 2024, 10:01 am;DebRodrigo;Not Valid;18/01/2024;10:35:30;18/01/2024;10:37:49;2 minutes 19 seconds;Deploy;00:02:19
fog;22;a45d362abd33;a4:5d:36:2a:bd:33;Created by FOG Reg on January 17, 2024, 10:02 am;DebRodrigo;Not Valid;18/01/2024;10:35:30;18/01/2024;10:37:47;2 minutes 17 seconds;Deploy;00:02:17
fog;23;a45d362abd9d;a4:5d:36:2a:bd:9d;Created by FOG Reg on January 17, 2024, 10:03 am;DebRodrigo;Not Valid;18/01/2024;10:35:28;18/01/2024;10:37:51;2 minutes 23 seconds;Deploy;00:02:23
fog;24;fc15b4d90f77;fc:15:b4:d9:0f:77;Created by FOG Reg on January 17, 2024, 10:03 am;DebRodrigo;Not Valid;18/01/2024;10:35:31;18/01/2024;10:37:48;2 minutes 17 seconds;Deploy;00:02:17
fog;25;a45d362aed83;a4:5d:36:2a:ed:83;Created by FOG Reg on January 17, 2024, 10:03 am;DebRodrigo;Not Valid;18/01/2024;10:35:29;18/01/2024;10:37:46;2 minutes 17 seconds;Deploy;00:02:17
fog;26;a45d362aadca;a4:5d:36:2a:ad:ca;Created by FOG Reg on January 17, 2024, 10:03 am;DebRodrigo;Not Valid;18/01/2024;10:35:29;18/01/2024;10:37:33;2 minutes 4 seconds;Deploy;00:02:04
fog;27;a45d362a9143;a4:5d:36:2a:91:43;Created by FOG Reg on January 17, 2024, 10:04 am;DebRodrigo;Not Valid;18/01/2024;10:35:32;18/01/2024;10:37:50;2 minutes 18 seconds;Deploy;00:02:18
fog;28;a45d362ada99;a4:5d:36:2a:da:99;Created by FOG Reg on January 17, 2024, 10:04 am;DebRodrigo;Not Valid;18/01/2024;10:35:30;18/01/2024;10:37:46;2 minutes 16 seconds;Deploy;00:02:16
fog;29;a45d362aad1b;a4:5d:36:2a:ad:1b;Created by FOG Reg on January 17, 2024, 10:04 am;DebRodrigo;Not Valid;18/01/2024;10:35:29;18/01/2024;10:37:45;2 minutes 16 seconds;Deploy;00:02:16
fog;30;a45d362abd32;a4:5d:36:2a:bd:32;Created by FOG Reg on January 17, 2024, 10:05 am;DebRodrigo;Not Valid;18/01/2024;10:35:24;18/01/2024;10:36:53;1 minute 29 seconds;Deploy;00:01:29
fog;31;a45d362abd2b;a4:5d:36:2a:bd:2b;Created by FOG Reg on January 17, 2024, 10:05 am;DebRodrigo;Not Valid;18/01/2024;10:35:31;18/01/2024;10:37:50;2 minutes 19 seconds;Deploy;00:02:19
fog;32;a45d362a9db8;a4:5d:36:2a:9d:b8;Created by FOG Reg on January 17, 2024, 10:05 am;DebRodrigo;Not Valid;18/01/2024;10:35:26;18/01/2024;10:37:01;1 minute 35 seconds;Deploy;00:01:35
fog;19;a45d362a9df5;a4:5d:36:2a:9d:f5;Created by FOG Reg on January 17, 2024, 9:57 am;DebRodrigo;Not Valid;18/01/2024;10:39:35;18/01/2024;10:41:52;2 minutes 17 seconds;Deploy;00:02:17
fog;20;a45d362aad8f;a4:5d:36:2a:ad:8f;Created by FOG Reg on January 17, 2024, 10:01 am;DebRodrigo;Not Valid;18/01/2024;10:39:33;18/01/2024;10:41:51;2 minutes 18 seconds;Deploy;00:02:18
fog;21;a45d362a91f6;a4:5d:36:2a:91:f6;Created by FOG Reg on January 17, 2024, 10:01 am;DebRodrigo;Not Valid;18/01/2024;10:39:33;18/01/2024;10:41:43;2 minutes 10 seconds;Deploy;00:02:10
fog;22;a45d362abd33;a4:5d:36:2a:bd:33;Created by FOG Reg on January 17, 2024, 10:02 am;DebRodrigo;Not Valid;18/01/2024;10:39:34;18/01/2024;10:41:54;2 minutes 20 seconds;Deploy;00:02:20
fog;23;a45d362abd9d;a4:5d:36:2a:bd:9d;Created by FOG Reg on January 17, 2024, 10:03 am;DebRodrigo;Not Valid;18/01/2024;10:39:34;18/01/2024;10:41:53;2 minutes 19 seconds;Deploy;00:02:19
fog;24;fc15b4d90f77;fc:15:b4:d9:0f:77;Created by FOG Reg on January 17, 2024, 10:03 am;DebRodrigo;Not Valid;18/01/2024;10:39:36;18/01/2024;10:41:52;2 minutes 16 seconds;Deploy;00:02:16
fog;25;a45d362aed83;a4:5d:36:2a:ed:83;Created by FOG Reg on January 17, 2024, 10:03 am;DebRodrigo;Not Valid;18/01/2024;10:39:33;18/01/2024;10:41:51;2 minutes 18 seconds;Deploy;00:02:18
fog;26;a45d362aadca;a4:5d:36:2a:ad:ca;Created by FOG Reg on January 17, 2024, 10:03 am;DebRodrigo;Not Valid;18/01/2024;10:39:32;18/01/2024;10:41:33;2 minutes 1 second;Deploy;00:02:01
fog;27;a45d362a9143;a4:5d:36:2a:91:43;Created by FOG Reg on January 17, 2024, 10:04 am;DebRodrigo;Not Valid;18/01/2024;10:39:36;18/01/2024;10:41:56;2 minutes 20 seconds;Deploy;00:02:20
fog;28;a45d362ada99;a4:5d:36:2a:da:99;Created by FOG Reg on January 17, 2024, 10:04 am;DebRodrigo;Not Valid;18/01/2024;10:39:33;18/01/2024;10:41:28;1 minute 55 seconds;Deploy;00:01:55
fog;29;a45d362aad1b;a4:5d:36:2a:ad:1b;Created by FOG Reg on January 17, 2024, 10:04 am;DebRodrigo;Not Valid;18/01/2024;10:39:33;18/01/2024;10:41:13;1 minute 40 seconds;Deploy;00:01:40
fog;30;a45d362abd32;a4:5d:36:2a:bd:32;Created by FOG Reg on January 17, 2024, 10:05 am;DebRodrigo;Not Valid;18/01/2024;10:39:28;18/01/2024;10:40:58;1 minute 30 seconds;Deploy;00:01:30
fog;31;a45d362abd2b;a4:5d:36:2a:bd:2b;Created by FOG Reg on January 17, 2024, 10:05 am;DebRodrigo;Not Valid;18/01/2024;10:39:36;18/01/2024;10:41:52;2 minutes 16 seconds;Deploy;00:02:16
fog;32;a45d362a9db8;a4:5d:36:2a:9d:b8;Created by FOG Reg on January 17, 2024, 10:05 am;DebRodrigo;Not Valid;18/01/2024;10:39:34;18/01/2024;10:41:49;2 minutes 15 seconds;Deploy;00:02:15
fog;19;a45d362a9df5;a4:5d:36:2a:9d:f5;Created by FOG Reg on January 17, 2024, 9:57 am;DebRodrigo;Not Valid;18/01/2024;10:43:39;18/01/2024;10:45:54;2 minutes 15 seconds;Deploy;00:02:15
fog;20;a45d362aad8f;a4:5d:36:2a:ad:8f;Created by FOG Reg on January 17, 2024, 10:01 am;DebRodrigo;Not Valid;18/01/2024;10:43:38;18/01/2024;10:45:55;2 minutes 17 seconds;Deploy;00:02:17
fog;21;a45d362a91f6;a4:5d:36:2a:91:f6;Created by FOG Reg on January 17, 2024, 10:01 am;DebRodrigo;Not Valid;18/01/2024;10:43:38;18/01/2024;10:45:58;2 minutes 20 seconds;Deploy;00:02:20
fog;22;a45d362abd33;a4:5d:36:2a:bd:33;Created by FOG Reg on January 17, 2024, 10:02 am;DebRodrigo;Not Valid;18/01/2024;10:43:39;18/01/2024;10:45:59;2 minutes 20 seconds;Deploy;00:02:20
fog;23;a45d362abd9d;a4:5d:36:2a:bd:9d;Created by FOG Reg on January 17, 2024, 10:03 am;DebRodrigo;Not Valid;18/01/2024;10:43:37;18/01/2024;10:45:55;2 minutes 18 seconds;Deploy;00:02:18
fog;24;fc15b4d90f77;fc:15:b4:d9:0f:77;Created by FOG Reg on January 17, 2024, 10:03 am;DebRodrigo;Not Valid;18/01/2024;10:43:38;18/01/2024;10:45:45;2 minutes 7 seconds;Deploy;00:02:07
fog;25;a45d362aed83;a4:5d:36:2a:ed:83;Created by FOG Reg on January 17, 2024, 10:03 am;DebRodrigo;Not Valid;18/01/2024;10:43:38;18/01/2024;10:45:55;2 minutes 17 seconds;Deploy;00:02:17
fog;26;a45d362aadca;a4:5d:36:2a:ad:ca;Created by FOG Reg on January 17, 2024, 10:03 am;DebRodrigo;Not Valid;18/01/2024;10:43:38;18/01/2024;10:45:50;2 minutes 12 seconds;Deploy;00:02:12
fog;27;a45d362a9143;a4:5d:36:2a:91:43;Created by FOG Reg on January 17, 2024, 10:04 am;DebRodrigo;Not Valid;18/01/2024;10:43:35;18/01/2024;10:45:08;1 minute 33 seconds;Deploy;00:01:33
fog;28;a45d362ada99;a4:5d:36:2a:da:99;Created by FOG Reg on January 17, 2024, 10:04 am;DebRodrigo;Not Valid;18/01/2024;10:43:40;18/01/2024;10:45:54;2 minutes 14 seconds;Deploy;00:02:14
fog;29;a45d362aad1b;a4:5d:36:2a:ad:1b;Created by FOG Reg on January 17, 2024, 10:04 am;DebRodrigo;Not Valid;18/01/2024;10:43:39;18/01/2024;10:45:54;2 minutes 15 seconds;Deploy;00:02:15
fog;30;a45d362abd32;a4:5d:36:2a:bd:32;Created by FOG Reg on January 17, 2024, 10:05 am;DebRodrigo;Not Valid;18/01/2024;10:43:32;18/01/2024;10:45:11;1 minute 39 seconds;Deploy;00:01:39
fog;31;a45d362abd2b;a4:5d:36:2a:bd:2b;Created by FOG Reg on January 17, 2024, 10:05 am;DebRodrigo;Not Valid;18/01/2024;10:43:41;18/01/2024;10:45:49;2 minutes 8 seconds;Deploy;00:02:08
fog;32;a45d362a9db8;a4:5d:36:2a:9d:b8;Created by FOG Reg on January 17, 2024, 10:05 am;DebRodrigo;Not Valid;18/01/2024;10:43:37;18/01/2024;10:45:59;2 minutes 22 seconds;Deploy;00:02:22
fog;19;a45d362a9df5;a4:5d:36:2a:9d:f5;Created by FOG Reg on January 17, 2024, 9:57 am;DebRodrigo;Not Valid;18/01/2024;09:59:23;18/01/2024;10:01:37;2 minutes 14 seconds;Deploy;00:02:14
fog;20;a45d362aad8f;a4:5d:36:2a:ad:8f;Created by FOG Reg on January 17, 2024, 10:01 am;DebRodrigo;Not Valid;18/01/2024;09:59:22;18/01/2024;10:01:03;1 minute 41 seconds;Deploy;00:01:41
fog;21;a45d362a91f6;a4:5d:36:2a:91:f6;Created by FOG Reg on January 17, 2024, 10:01 am;DebRodrigo;Not Valid;18/01/2024;09:59:23;18/01/2024;10:01:28;2 minutes 5 seconds;Deploy;00:02:05
fog;22;a45d362abd33;a4:5d:36:2a:bd:33;Created by FOG Reg on January 17, 2024, 10:02 am;DebRodrigo;Not Valid;18/01/2024;09:59:23;18/01/2024;10:01:36;2 minutes 13 seconds;Deploy;00:02:13
fog;23;a45d362abd9d;a4:5d:36:2a:bd:9d;Created by FOG Reg on January 17, 2024, 10:03 am;DebRodrigo;Not Valid;18/01/2024;09:59:24;18/01/2024;10:01:37;2 minutes 13 seconds;Deploy;00:02:13
fog;24;fc15b4d90f77;fc:15:b4:d9:0f:77;Created by FOG Reg on January 17, 2024, 10:03 am;DebRodrigo;Not Valid;18/01/2024;09:59:23;18/01/2024;10:01:24;2 minutes 1 second;Deploy;00:02:01
fog;25;a45d362aed83;a4:5d:36:2a:ed:83;Created by FOG Reg on January 17, 2024, 10:03 am;DebRodrigo;Not Valid;18/01/2024;09:59:21;18/01/2024;10:01:11;1 minute 50 seconds;Deploy;00:01:50
fog;26;a45d362aadca;a4:5d:36:2a:ad:ca;Created by FOG Reg on January 17, 2024, 10:03 am;DebRodrigo;Not Valid;18/01/2024;09:59:24;18/01/2024;10:01:39;2 minutes 15 seconds;Deploy;00:02:15
fog;27;a45d362a9143;a4:5d:36:2a:91:43;Created by FOG Reg on January 17, 2024, 10:04 am;DebRodrigo;Not Valid;18/01/2024;09:59:26;18/01/2024;10:01:37;2 minutes 11 seconds;Deploy;00:02:11
fog;28;a45d362ada99;a4:5d:36:2a:da:99;Created by FOG Reg on January 17, 2024, 10:04 am;DebRodrigo;Not Valid;18/01/2024;09:59:23;18/01/2024;10:01:33;2 minutes 10 seconds;Deploy;00:02:10
fog;29;a45d362aad1b;a4:5d:36:2a:ad:1b;Created by FOG Reg on January 17, 2024, 10:04 am;DebRodrigo;Not Valid;18/01/2024;09:59:24;18/01/2024;10:01:38;2 minutes 14 seconds;Deploy;00:02:14
fog;30;a45d362abd32;a4:5d:36:2a:bd:32;Created by FOG Reg on January 17, 2024, 10:05 am;DebRodrigo;Not Valid;18/01/2024;09:59:18;18/01/2024;10:00:46;1 minute 28 seconds;Deploy;00:01:28
fog;31;a45d362abd2b;a4:5d:36:2a:bd:2b;Created by FOG Reg on January 17, 2024, 10:05 am;DebRodrigo;Not Valid;18/01/2024;10:00:12;18/01/2024;10:02:36;2 minutes 24 seconds;Deploy;00:02:24
fog;32;a45d362a9db8;a4:5d:36:2a:9d:b8;Created by FOG Reg on January 17, 2024, 10:05 am;DebRodrigo;Not Valid;18/01/2024;09:59:22;18/01/2024;10:01:33;2 minutes 11 seconds;Deploy;00:02:11
fog;19;a45d362a9df5;a4:5d:36:2a:9d:f5;Created by FOG Reg on January 17, 2024, 9:57 am;DebRodrigo;Not Valid;18/01/2024;10:04:31;18/01/2024;10:06:44;2 minutes 13 seconds;Deploy;00:02:13
fog;20;a45d362aad8f;a4:5d:36:2a:ad:8f;Created by FOG Reg on January 17, 2024, 10:01 am;DebRodrigo;Not Valid;18/01/2024;10:04:33;18/01/2024;10:06:47;2 minutes 14 seconds;Deploy;00:02:14
fog;21;a45d362a91f6;a4:5d:36:2a:91:f6;Created by FOG Reg on January 17, 2024, 10:01 am;DebRodrigo;Not Valid;18/01/2024;10:04:32;18/01/2024;10:06:43;2 minutes 11 seconds;Deploy;00:02:11
fog;22;a45d362abd33;a4:5d:36:2a:bd:33;Created by FOG Reg on January 17, 2024, 10:02 am;DebRodrigo;Not Valid;18/01/2024;10:04:29;18/01/2024;10:06:43;2 minutes 14 seconds;Deploy;00:02:14
fog;23;a45d362abd9d;a4:5d:36:2a:bd:9d;Created by FOG Reg on January 17, 2024, 10:03 am;DebRodrigo;Not Valid;18/01/2024;10:04:30;18/01/2024;10:06:31;2 minutes 1 second;Deploy;00:02:01
fog;24;fc15b4d90f77;fc:15:b4:d9:0f:77;Created by FOG Reg on January 17, 2024, 10:03 am;DebRodrigo;Not Valid;18/01/2024;10:04:30;18/01/2024;10:06:19;1 minute 49 seconds;Deploy;00:01:49
fog;25;a45d362aed83;a4:5d:36:2a:ed:83;Created by FOG Reg on January 17, 2024, 10:03 am;DebRodrigo;Not Valid;18/01/2024;10:04:29;18/01/2024;10:06:31;2 minutes 2 seconds;Deploy;00:02:02
fog;26;a45d362aadca;a4:5d:36:2a:ad:ca;Created by FOG Reg on January 17, 2024, 10:03 am;DebRodrigo;Not Valid;18/01/2024;10:04:31;18/01/2024;10:06:43;2 minutes 12 seconds;Deploy;00:02:12
fog;27;a45d362a9143;a4:5d:36:2a:91:43;Created by FOG Reg on January 17, 2024, 10:04 am;DebRodrigo;Not Valid;18/01/2024;10:04:32;18/01/2024;10:06:46;2 minutes 14 seconds;Deploy;00:02:14
fog;28;a45d362ada99;a4:5d:36:2a:da:99;Created by FOG Reg on January 17, 2024, 10:04 am;DebRodrigo;Not Valid;18/01/2024;10:04:30;18/01/2024;10:06:45;2 minutes 15 seconds;Deploy;00:02:15
fog;29;a45d362aad1b;a4:5d:36:2a:ad:1b;Created by FOG Reg on January 17, 2024, 10:04 am;DebRodrigo;Not Valid;18/01/2024;10:04:27;18/01/2024;10:06:06;1 minute 39 seconds;Deploy;00:01:39
fog;30;a45d362abd32;a4:5d:36:2a:bd:32;Created by FOG Reg on January 17, 2024, 10:05 am;DebRodrigo;Not Valid;18/01/2024;10:04:23;18/01/2024;10:06:00;1 minute 37 seconds;Deploy;00:01:37
fog;31;a45d362abd2b;a4:5d:36:2a:bd:2b;Created by FOG Reg on January 17, 2024, 10:05 am;DebRodrigo;Not Valid;18/01/2024;10:05:19;18/01/2024;10:07:26;2 minutes 7 seconds;Deploy;00:02:07
fog;32;a45d362a9db8;a4:5d:36:2a:9d:b8;Created by FOG Reg on January 17, 2024, 10:05 am;DebRodrigo;Not Valid;18/01/2024;10:04:31;18/01/2024;10:06:43;2 minutes 12 seconds;Deploy;00:02:12
fog;19;a45d362a9df5;a4:5d:36:2a:9d:f5;Created by FOG Reg on January 17, 2024, 9:57 am;DebRodrigo;Not Valid;22/01/2024;06:49:40;22/01/2024;06:51:53;2 minutes 13 seconds;Deploy;00:02:13
fog;20;a45d362aad8f;a4:5d:36:2a:ad:8f;Created by FOG Reg on January 17, 2024, 10:01 am;DebRodrigo;Not Valid;22/01/2024;06:49:39;22/01/2024;06:51:59;2 minutes 20 seconds;Deploy;00:02:20
fog;21;a45d362a91f6;a4:5d:36:2a:91:f6;Created by FOG Reg on January 17, 2024, 10:01 am;DebRodrigo;Not Valid;22/01/2024;06:49:36;22/01/2024;06:51:08;1 minute 32 seconds;Deploy;00:01:32
fog;22;a45d362abd33;a4:5d:36:2a:bd:33;Created by FOG Reg on January 17, 2024, 10:02 am;DebRodrigo;Not Valid;22/01/2024;06:49:41;22/01/2024;06:52:02;2 minutes 21 seconds;Deploy;00:02:21
fog;23;a45d362abd9d;a4:5d:36:2a:bd:9d;Created by FOG Reg on January 17, 2024, 10:03 am;DebRodrigo;Not Valid;22/01/2024;06:49:38;22/01/2024;06:51:52;2 minutes 14 seconds;Deploy;00:02:14
fog;24;fc15b4d90f77;fc:15:b4:d9:0f:77;Created by FOG Reg on January 17, 2024, 10:03 am;DebRodrigo;Not Valid;22/01/2024;06:49:38;22/01/2024;06:51:57;2 minutes 19 seconds;Deploy;00:02:19
fog;25;a45d362aed83;a4:5d:36:2a:ed:83;Created by FOG Reg on January 17, 2024, 10:03 am;DebRodrigo;Not Valid;22/01/2024;06:49:38;22/01/2024;06:51:49;2 minutes 11 seconds;Deploy;00:02:11
fog;26;a45d362aadca;a4:5d:36:2a:ad:ca;Created by FOG Reg on January 17, 2024, 10:03 am;DebRodrigo;Not Valid;22/01/2024;06:49:39;22/01/2024;06:51:56;2 minutes 17 seconds;Deploy;00:02:17
fog;27;a45d362a9143;a4:5d:36:2a:91:43;Created by FOG Reg on January 17, 2024, 10:04 am;DebRodrigo;Not Valid;22/01/2024;06:49:38;22/01/2024;06:51:48;2 minutes 10 seconds;Deploy;00:02:10
fog;28;a45d362ada99;a4:5d:36:2a:da:99;Created by FOG Reg on January 17, 2024, 10:04 am;DebRodrigo;Not Valid;22/01/2024;06:49:38;22/01/2024;06:51:56;2 minutes 18 seconds;Deploy;00:02:18
fog;29;a45d362aad1b;a4:5d:36:2a:ad:1b;Created by FOG Reg on January 17, 2024, 10:04 am;DebRodrigo;Not Valid;22/01/2024;06:49:37;22/01/2024;06:51:28;1 minute 51 seconds;Deploy;00:01:51
fog;30;a45d362abd32;a4:5d:36:2a:bd:32;Created by FOG Reg on January 17, 2024, 10:05 am;DebRodrigo;Not Valid;22/01/2024;06:49:34;22/01/2024;06:51:05;1 minute 31 seconds;Deploy;00:01:31
fog;31;a45d362abd2b;a4:5d:36:2a:bd:2b;Created by FOG Reg on January 17, 2024, 10:05 am;DebRodrigo;Not Valid;22/01/2024;06:49:43;22/01/2024;06:52:01;2 minutes 18 seconds;Deploy;00:02:18
fog;32;a45d362a9db8;a4:5d:36:2a:9d:b8;Created by FOG Reg on January 17, 2024, 10:05 am;DebRodrigo;Not Valid;22/01/2024;06:49:36;22/01/2024;06:51:49;2 minutes 13 seconds;Deploy;00:02:13
fog;19;a45d362a9df5;a4:5d:36:2a:9d:f5;Created by FOG Reg on January 17, 2024, 9:57 am;DebRodrigo;Not Valid;22/01/2024;06:59:22;22/01/2024;07:01:40;2 minutes 18 seconds;Deploy;00:02:18
fog;20;a45d362aad8f;a4:5d:36:2a:ad:8f;Created by FOG Reg on January 17, 2024, 10:01 am;DebRodrigo;Not Valid;22/01/2024;06:59:18;22/01/2024;07:01:08;1 minute 50 seconds;Deploy;00:01:50
fog;21;a45d362a91f6;a4:5d:36:2a:91:f6;Created by FOG Reg on January 17, 2024, 10:01 am;DebRodrigo;Not Valid;22/01/2024;06:59:23;22/01/2024;07:01:37;2 minutes 14 seconds;Deploy;00:02:14
fog;22;a45d362abd33;a4:5d:36:2a:bd:33;Created by FOG Reg on January 17, 2024, 10:02 am;DebRodrigo;Not Valid;22/01/2024;06:59:21;22/01/2024;07:01:38;2 minutes 17 seconds;Deploy;00:02:17
fog;23;a45d362abd9d;a4:5d:36:2a:bd:9d;Created by FOG Reg on January 17, 2024, 10:03 am;DebRodrigo;Not Valid;22/01/2024;06:59:19;22/01/2024;07:01:22;2 minutes 3 seconds;Deploy;00:02:03
fog;24;fc15b4d90f77;fc:15:b4:d9:0f:77;Created by FOG Reg on January 17, 2024, 10:03 am;DebRodrigo;Not Valid;22/01/2024;06:59:20;22/01/2024;07:01:32;2 minutes 12 seconds;Deploy;00:02:12
fog;25;a45d362aed83;a4:5d:36:2a:ed:83;Created by FOG Reg on January 17, 2024, 10:03 am;DebRodrigo;Not Valid;22/01/2024;06:59:20;22/01/2024;07:01:27;2 minutes 7 seconds;Deploy;00:02:07
fog;26;a45d362aadca;a4:5d:36:2a:ad:ca;Created by FOG Reg on January 17, 2024, 10:03 am;DebRodrigo;Not Valid;22/01/2024;06:59:20;22/01/2024;07:01:38;2 minutes 18 seconds;Deploy;00:02:18
fog;27;a45d362a9143;a4:5d:36:2a:91:43;Created by FOG Reg on January 17, 2024, 10:04 am;DebRodrigo;Not Valid;22/01/2024;06:59:19;22/01/2024;07:01:08;1 minute 49 seconds;Deploy;00:01:49
fog;28;a45d362ada99;a4:5d:36:2a:da:99;Created by FOG Reg on January 17, 2024, 10:04 am;DebRodrigo;Not Valid;22/01/2024;06:59:19;22/01/2024;07:01:24;2 minutes 5 seconds;Deploy;00:02:05
fog;29;a45d362aad1b;a4:5d:36:2a:ad:1b;Created by FOG Reg on January 17, 2024, 10:04 am;DebRodrigo;Not Valid;22/01/2024;06:59:20;22/01/2024;07:01:37;2 minutes 17 seconds;Deploy;00:02:17
fog;30;a45d362abd32;a4:5d:36:2a:bd:32;Created by FOG Reg on January 17, 2024, 10:05 am;DebRodrigo;Not Valid;22/01/2024;06:59:12;22/01/2024;07:00:44;1 minute 32 seconds;Deploy;00:01:32
fog;31;a45d362abd2b;a4:5d:36:2a:bd:2b;Created by FOG Reg on January 17, 2024, 10:05 am;DebRodrigo;Not Valid;22/01/2024;06:59:23;22/01/2024;07:01:45;2 minutes 22 seconds;Deploy;00:02:22
fog;32;a45d362a9db8;a4:5d:36:2a:9d:b8;Created by FOG Reg on January 17, 2024, 10:05 am;DebRodrigo;Not Valid;22/01/2024;06:59:21;22/01/2024;07:01:41;2 minutes 20 seconds;Deploy;00:02:20
fog;19;a45d362a9df5;a4:5d:36:2a:9d:f5;Created by FOG Reg on January 17, 2024, 9:57 am;DebRodrigo;Not Valid;22/01/2024;07:03:19;22/01/2024;07:05:32;2 minutes 13 seconds;Deploy;00:02:13
fog;20;a45d362aad8f;a4:5d:36:2a:ad:8f;Created by FOG Reg on January 17, 2024, 10:01 am;DebRodrigo;Not Valid;22/01/2024;07:03:20;22/01/2024;07:05:35;2 minutes 15 seconds;Deploy;00:02:15
fog;21;a45d362a91f6;a4:5d:36:2a:91:f6;Created by FOG Reg on January 17, 2024, 10:01 am;DebRodrigo;Not Valid;22/01/2024;07:03:22;22/01/2024;07:05:33;2 minutes 11 seconds;Deploy;00:02:11
fog;22;a45d362abd33;a4:5d:36:2a:bd:33;Created by FOG Reg on January 17, 2024, 10:02 am;DebRodrigo;Not Valid;22/01/2024;07:03:18;22/01/2024;07:05:36;2 minutes 18 seconds;Deploy;00:02:18
fog;23;a45d362abd9d;a4:5d:36:2a:bd:9d;Created by FOG Reg on January 17, 2024, 10:03 am;DebRodrigo;Not Valid;22/01/2024;07:03:19;22/01/2024;07:05:38;2 minutes 19 seconds;Deploy;00:02:19
fog;24;fc15b4d90f77;fc:15:b4:d9:0f:77;Created by FOG Reg on January 17, 2024, 10:03 am;DebRodrigo;Not Valid;22/01/2024;07:03:18;22/01/2024;07:05:30;2 minutes 12 seconds;Deploy;00:02:12
fog;25;a45d362aed83;a4:5d:36:2a:ed:83;Created by FOG Reg on January 17, 2024, 10:03 am;DebRodrigo;Not Valid;22/01/2024;07:03:17;22/01/2024;07:05:12;1 minute 55 seconds;Deploy;00:01:55
fog;26;a45d362aadca;a4:5d:36:2a:ad:ca;Created by FOG Reg on January 17, 2024, 10:03 am;DebRodrigo;Not Valid;22/01/2024;07:03:18;22/01/2024;07:05:33;2 minutes 15 seconds;Deploy;00:02:15
fog;27;a45d362a9143;a4:5d:36:2a:91:43;Created by FOG Reg on January 17, 2024, 10:04 am;DebRodrigo;Not Valid;22/01/2024;07:03:18;22/01/2024;07:05:26;2 minutes 8 seconds;Deploy;00:02:08
fog;28;a45d362ada99;a4:5d:36:2a:da:99;Created by FOG Reg on January 17, 2024, 10:04 am;DebRodrigo;Not Valid;22/01/2024;07:03:17;22/01/2024;07:04:52;1 minute 35 seconds;Deploy;00:01:35
fog;29;a45d362aad1b;a4:5d:36:2a:ad:1b;Created by FOG Reg on January 17, 2024, 10:04 am;DebRodrigo;Not Valid;22/01/2024;07:03:19;22/01/2024;07:05:42;2 minutes 23 seconds;Deploy;00:02:23
fog;30;a45d362abd32;a4:5d:36:2a:bd:32;Created by FOG Reg on January 17, 2024, 10:05 am;DebRodrigo;Not Valid;22/01/2024;07:03:13;22/01/2024;07:05:03;1 minute 50 seconds;Deploy;00:01:50
fog;31;a45d362abd2b;a4:5d:36:2a:bd:2b;Created by FOG Reg on January 17, 2024, 10:05 am;DebRodrigo;Not Valid;22/01/2024;07:03:21;22/01/2024;07:05:41;2 minutes 20 seconds;Deploy;00:02:20
fog;32;a45d362a9db8;a4:5d:36:2a:9d:b8;Created by FOG Reg on January 17, 2024, 10:05 am;DebRodrigo;Not Valid;22/01/2024;07:03:18;22/01/2024;07:05:41;2 minutes 23 seconds;Deploy;00:02:23
fog;19;a45d362a9df5;a4:5d:36:2a:9d:f5;Created by FOG Reg on January 17, 2024, 9:57 am;DebRodrigo;Not Valid;22/01/2024;07:07:16;22/01/2024;07:09:32;2 minutes 16 seconds;Deploy;00:02:16
fog;20;a45d362aad8f;a4:5d:36:2a:ad:8f;Created by FOG Reg on January 17, 2024, 10:01 am;DebRodrigo;Not Valid;22/01/2024;07:07:15;22/01/2024;07:09:18;2 minutes 3 seconds;Deploy;00:02:03
fog;21;a45d362a91f6;a4:5d:36:2a:91:f6;Created by FOG Reg on January 17, 2024, 10:01 am;DebRodrigo;Not Valid;22/01/2024;07:07:13;22/01/2024;07:08:50;1 minute 37 seconds;Deploy;00:01:37
fog;22;a45d362abd33;a4:5d:36:2a:bd:33;Created by FOG Reg on January 17, 2024, 10:02 am;DebRodrigo;Not Valid;22/01/2024;07:07:16;22/01/2024;07:09:30;2 minutes 14 seconds;Deploy;00:02:14
fog;23;a45d362abd9d;a4:5d:36:2a:bd:9d;Created by FOG Reg on January 17, 2024, 10:03 am;DebRodrigo;Not Valid;22/01/2024;07:07:14;22/01/2024;07:09:26;2 minutes 12 seconds;Deploy;00:02:12
fog;24;fc15b4d90f77;fc:15:b4:d9:0f:77;Created by FOG Reg on January 17, 2024, 10:03 am;DebRodrigo;Not Valid;22/01/2024;07:07:18;22/01/2024;07:09:36;2 minutes 18 seconds;Deploy;00:02:18
fog;25;a45d362aed83;a4:5d:36:2a:ed:83;Created by FOG Reg on January 17, 2024, 10:03 am;DebRodrigo;Not Valid;22/01/2024;07:07:14;22/01/2024;07:09:31;2 minutes 17 seconds;Deploy;00:02:17
fog;26;a45d362aadca;a4:5d:36:2a:ad:ca;Created by FOG Reg on January 17, 2024, 10:03 am;DebRodrigo;Not Valid;22/01/2024;07:07:14;22/01/2024;07:09:20;2 minutes 6 seconds;Deploy;00:02:06
fog;27;a45d362a9143;a4:5d:36:2a:91:43;Created by FOG Reg on January 17, 2024, 10:04 am;DebRodrigo;Not Valid;22/01/2024;07:07:14;22/01/2024;07:09:34;2 minutes 20 seconds;Deploy;00:02:20
fog;28;a45d362ada99;a4:5d:36:2a:da:99;Created by FOG Reg on January 17, 2024, 10:04 am;DebRodrigo;Not Valid;22/01/2024;07:07:12;22/01/2024;07:09:02;1 minute 50 seconds;Deploy;00:01:50
fog;29;a45d362aad1b;a4:5d:36:2a:ad:1b;Created by FOG Reg on January 17, 2024, 10:04 am;DebRodrigo;Not Valid;22/01/2024;07:07:14;22/01/2024;07:09:33;2 minutes 19 seconds;Deploy;00:02:19
fog;30;a45d362abd32;a4:5d:36:2a:bd:32;Created by FOG Reg on January 17, 2024, 10:05 am;DebRodrigo;Not Valid;22/01/2024;07:07:08;22/01/2024;07:08:38;1 minute 30 seconds;Deploy;00:01:30
fog;31;a45d362abd2b;a4:5d:36:2a:bd:2b;Created by FOG Reg on January 17, 2024, 10:05 am;DebRodrigo;Not Valid;22/01/2024;07:07:18;22/01/2024;07:09:42;2 minutes 24 seconds;Deploy;00:02:24
fog;32;a45d362a9db8;a4:5d:36:2a:9d:b8;Created by FOG Reg on January 17, 2024, 10:05 am;DebRodrigo;Not Valid;22/01/2024;07:07:14;22/01/2024;07:09:22;2 minutes 8 seconds;Deploy;00:02:08
fog;19;a45d362a9df5;a4:5d:36:2a:9d:f5;Created by FOG Reg on January 17, 2024, 9:57 am;DebRodrigo;Not Valid;22/01/2024;07:11:15;22/01/2024;07:13:30;2 minutes 15 seconds;Deploy;00:02:15
fog;20;a45d362aad8f;a4:5d:36:2a:ad:8f;Created by FOG Reg on January 17, 2024, 10:01 am;DebRodrigo;Not Valid;22/01/2024;07:11:12;22/01/2024;07:13:16;2 minutes 4 seconds;Deploy;00:02:04
fog;21;a45d362a91f6;a4:5d:36:2a:91:f6;Created by FOG Reg on January 17, 2024, 10:01 am;DebRodrigo;Not Valid;22/01/2024;07:11:13;22/01/2024;07:13:23;2 minutes 10 seconds;Deploy;00:02:10
fog;22;a45d362abd33;a4:5d:36:2a:bd:33;Created by FOG Reg on January 17, 2024, 10:02 am;DebRodrigo;Not Valid;22/01/2024;07:11:15;22/01/2024;07:13:36;2 minutes 21 seconds;Deploy;00:02:21
fog;23;a45d362abd9d;a4:5d:36:2a:bd:9d;Created by FOG Reg on January 17, 2024, 10:03 am;DebRodrigo;Not Valid;22/01/2024;07:11:15;22/01/2024;07:13:40;2 minutes 25 seconds;Deploy;00:02:25
fog;24;fc15b4d90f77;fc:15:b4:d9:0f:77;Created by FOG Reg on January 17, 2024, 10:03 am;DebRodrigo;Not Valid;22/01/2024;07:11:15;22/01/2024;07:13:30;2 minutes 15 seconds;Deploy;00:02:15
fog;25;a45d362aed83;a4:5d:36:2a:ed:83;Created by FOG Reg on January 17, 2024, 10:03 am;DebRodrigo;Not Valid;22/01/2024;07:11:11;22/01/2024;07:12:48;1 minute 37 seconds;Deploy;00:01:37
fog;26;a45d362aadca;a4:5d:36:2a:ad:ca;Created by FOG Reg on January 17, 2024, 10:03 am;DebRodrigo;Not Valid;22/01/2024;07:11:14;22/01/2024;07:13:19;2 minutes 5 seconds;Deploy;00:02:05
fog;27;a45d362a9143;a4:5d:36:2a:91:43;Created by FOG Reg on January 17, 2024, 10:04 am;DebRodrigo;Not Valid;22/01/2024;07:11:15;22/01/2024;07:13:22;2 minutes 7 seconds;Deploy;00:02:07
fog;28;a45d362ada99;a4:5d:36:2a:da:99;Created by FOG Reg on January 17, 2024, 10:04 am;DebRodrigo;Not Valid;22/01/2024;07:11:12;22/01/2024;07:12:47;1 minute 35 seconds;Deploy;00:01:35
fog;29;a45d362aad1b;a4:5d:36:2a:ad:1b;Created by FOG Reg on January 17, 2024, 10:04 am;DebRodrigo;Not Valid;22/01/2024;07:11:14;22/01/2024;07:13:32;2 minutes 18 seconds;Deploy;00:02:18
fog;30;a45d362abd32;a4:5d:36:2a:bd:32;Created by FOG Reg on January 17, 2024, 10:05 am;DebRodrigo;Not Valid;22/01/2024;07:11:08;22/01/2024;07:12:40;1 minute 32 seconds;Deploy;00:01:32
fog;31;a45d362abd2b;a4:5d:36:2a:bd:2b;Created by FOG Reg on January 17, 2024, 10:05 am;DebRodrigo;Not Valid;22/01/2024;07:11:17;22/01/2024;07:13:33;2 minutes 16 seconds;Deploy;00:02:16
fog;32;a45d362a9db8;a4:5d:36:2a:9d:b8;Created by FOG Reg on January 17, 2024, 10:05 am;DebRodrigo;Not Valid;22/01/2024;07:11:14;22/01/2024;07:13:33;2 minutes 19 seconds;Deploy;00:02:19
fog;19;a45d362a9df5;a4:5d:36:2a:9d:f5;Created by FOG Reg on January 17, 2024, 9:57 am;DebRodrigo;Not Valid;22/01/2024;07:15:12;22/01/2024;07:17:22;2 minutes 10 seconds;Deploy;00:02:10
fog;20;a45d362aad8f;a4:5d:36:2a:ad:8f;Created by FOG Reg on January 17, 2024, 10:01 am;DebRodrigo;Not Valid;22/01/2024;07:15:11;22/01/2024;07:17:22;2 minutes 11 seconds;Deploy;00:02:11
fog;21;a45d362a91f6;a4:5d:36:2a:91:f6;Created by FOG Reg on January 17, 2024, 10:01 am;DebRodrigo;Not Valid;22/01/2024;07:15:12;22/01/2024;07:17:25;2 minutes 13 seconds;Deploy;00:02:13
fog;22;a45d362abd33;a4:5d:36:2a:bd:33;Created by FOG Reg on January 17, 2024, 10:02 am;DebRodrigo;Not Valid;22/01/2024;07:15:11;22/01/2024;07:17:25;2 minutes 14 seconds;Deploy;00:02:14
fog;23;a45d362abd9d;a4:5d:36:2a:bd:9d;Created by FOG Reg on January 17, 2024, 10:03 am;DebRodrigo;Not Valid;22/01/2024;07:15:11;22/01/2024;07:17:37;2 minutes 26 seconds;Deploy;00:02:26
fog;24;fc15b4d90f77;fc:15:b4:d9:0f:77;Created by FOG Reg on January 17, 2024, 10:03 am;DebRodrigo;Not Valid;22/01/2024;07:15:08;22/01/2024;07:16:54;1 minute 46 seconds;Deploy;00:01:46
fog;25;a45d362aed83;a4:5d:36:2a:ed:83;Created by FOG Reg on January 17, 2024, 10:03 am;DebRodrigo;Not Valid;22/01/2024;07:15:15;22/01/2024;07:17:30;2 minutes 15 seconds;Deploy;00:02:15
fog;26;a45d362aadca;a4:5d:36:2a:ad:ca;Created by FOG Reg on January 17, 2024, 10:03 am;DebRodrigo;Not Valid;22/01/2024;07:15:13;22/01/2024;07:17:28;2 minutes 15 seconds;Deploy;00:02:15
fog;27;a45d362a9143;a4:5d:36:2a:91:43;Created by FOG Reg on January 17, 2024, 10:04 am;DebRodrigo;Not Valid;22/01/2024;07:15:12;22/01/2024;07:17:26;2 minutes 14 seconds;Deploy;00:02:14
fog;28;a45d362ada99;a4:5d:36:2a:da:99;Created by FOG Reg on January 17, 2024, 10:04 am;DebRodrigo;Not Valid;22/01/2024;07:15:11;22/01/2024;07:17:24;2 minutes 13 seconds;Deploy;00:02:13
fog;29;a45d362aad1b;a4:5d:36:2a:ad:1b;Created by FOG Reg on January 17, 2024, 10:04 am;DebRodrigo;Not Valid;22/01/2024;07:15:10;22/01/2024;07:17:01;1 minute 51 seconds;Deploy;00:01:51
fog;30;a45d362abd32;a4:5d:36:2a:bd:32;Created by FOG Reg on January 17, 2024, 10:05 am;DebRodrigo;Not Valid;22/01/2024;07:15:05;22/01/2024;07:16:41;1 minute 36 seconds;Deploy;00:01:36
fog;31;a45d362abd2b;a4:5d:36:2a:bd:2b;Created by FOG Reg on January 17, 2024, 10:05 am;DebRodrigo;Not Valid;22/01/2024;07:15:15;22/01/2024;07:17:38;2 minutes 23 seconds;Deploy;00:02:23
fog;32;a45d362a9db8;a4:5d:36:2a:9d:b8;Created by FOG Reg on January 17, 2024, 10:05 am;DebRodrigo;Not Valid;22/01/2024;07:15:11;22/01/2024;07:17:32;2 minutes 21 seconds;Deploy;00:02:21
fog;19;a45d362a9df5;a4:5d:36:2a:9d:f5;Created by FOG Reg on January 17, 2024, 9:57 am;DebRodrigo;Not Valid;22/01/2024;07:19:08;22/01/2024;07:21:25;2 minutes 17 seconds;Deploy;00:02:17
fog;20;a45d362aad8f;a4:5d:36:2a:ad:8f;Created by FOG Reg on January 17, 2024, 10:01 am;DebRodrigo;Not Valid;22/01/2024;07:19:05;22/01/2024;07:21:20;2 minutes 15 seconds;Deploy;00:02:15
fog;21;a45d362a91f6;a4:5d:36:2a:91:f6;Created by FOG Reg on January 17, 2024, 10:01 am;DebRodrigo;Not Valid;22/01/2024;07:19:02;22/01/2024;07:20:34;1 minute 32 seconds;Deploy;00:01:32
fog;22;a45d362abd33;a4:5d:36:2a:bd:33;Created by FOG Reg on January 17, 2024, 10:02 am;DebRodrigo;Not Valid;22/01/2024;07:19:07;22/01/2024;07:21:23;2 minutes 16 seconds;Deploy;00:02:16
fog;23;a45d362abd9d;a4:5d:36:2a:bd:9d;Created by FOG Reg on January 17, 2024, 10:03 am;DebRodrigo;Not Valid;22/01/2024;07:19:06;22/01/2024;07:21:26;2 minutes 20 seconds;Deploy;00:02:20
fog;24;fc15b4d90f77;fc:15:b4:d9:0f:77;Created by FOG Reg on January 17, 2024, 10:03 am;DebRodrigo;Not Valid;22/01/2024;07:19:07;22/01/2024;07:21:26;2 minutes 19 seconds;Deploy;00:02:19
fog;25;a45d362aed83;a4:5d:36:2a:ed:83;Created by FOG Reg on January 17, 2024, 10:03 am;DebRodrigo;Not Valid;22/01/2024;07:19:05;22/01/2024;07:20:58;1 minute 53 seconds;Deploy;00:01:53
fog;26;a45d362aadca;a4:5d:36:2a:ad:ca;Created by FOG Reg on January 17, 2024, 10:03 am;DebRodrigo;Not Valid;22/01/2024;07:19:06;22/01/2024;07:21:24;2 minutes 18 seconds;Deploy;00:02:18
fog;27;a45d362a9143;a4:5d:36:2a:91:43;Created by FOG Reg on January 17, 2024, 10:04 am;DebRodrigo;Not Valid;22/01/2024;07:19:06;22/01/2024;07:21:20;2 minutes 14 seconds;Deploy;00:02:14
fog;28;a45d362ada99;a4:5d:36:2a:da:99;Created by FOG Reg on January 17, 2024, 10:04 am;DebRodrigo;Not Valid;22/01/2024;07:19:05;22/01/2024;07:20:55;1 minute 50 seconds;Deploy;00:01:50
fog;29;a45d362aad1b;a4:5d:36:2a:ad:1b;Created by FOG Reg on January 17, 2024, 10:04 am;DebRodrigo;Not Valid;22/01/2024;07:19:05;22/01/2024;07:21:10;2 minutes 5 seconds;Deploy;00:02:05
fog;30;a45d362abd32;a4:5d:36:2a:bd:32;Created by FOG Reg on January 17, 2024, 10:05 am;DebRodrigo;Not Valid;22/01/2024;07:19:00;22/01/2024;07:20:46;1 minute 46 seconds;Deploy;00:01:46
fog;31;a45d362abd2b;a4:5d:36:2a:bd:2b;Created by FOG Reg on January 17, 2024, 10:05 am;DebRodrigo;Not Valid;22/01/2024;07:19:09;22/01/2024;07:21:27;2 minutes 18 seconds;Deploy;00:02:18
fog;32;a45d362a9db8;a4:5d:36:2a:9d:b8;Created by FOG Reg on January 17, 2024, 10:05 am;DebRodrigo;Not Valid;22/01/2024;07:19:06;22/01/2024;07:21:26;2 minutes 20 seconds;Deploy;00:02:20
fog;19;a45d362a9df5;a4:5d:36:2a:9d:f5;Created by FOG Reg on January 17, 2024, 9:57 am;DebRodrigo;Not Valid;22/01/2024;07:24:18;22/01/2024;07:26:36;2 minutes 18 seconds;Deploy;00:02:18
fog;20;a45d362aad8f;a4:5d:36:2a:ad:8f;Created by FOG Reg on January 17, 2024, 10:01 am;DebRodrigo;Not Valid;22/01/2024;07:24:20;22/01/2024;07:26:36;2 minutes 16 seconds;Deploy;00:02:16
fog;21;a45d362a91f6;a4:5d:36:2a:91:f6;Created by FOG Reg on January 17, 2024, 10:01 am;DebRodrigo;Not Valid;22/01/2024;07:24:17;22/01/2024;07:26:21;2 minutes 4 seconds;Deploy;00:02:04
fog;22;a45d362abd33;a4:5d:36:2a:bd:33;Created by FOG Reg on January 17, 2024, 10:02 am;DebRodrigo;Not Valid;22/01/2024;07:24:18;22/01/2024;07:26:33;2 minutes 15 seconds;Deploy;00:02:15
fog;23;a45d362abd9d;a4:5d:36:2a:bd:9d;Created by FOG Reg on January 17, 2024, 10:03 am;DebRodrigo;Not Valid;22/01/2024;07:24:18;22/01/2024;07:26:38;2 minutes 20 seconds;Deploy;00:02:20
fog;24;fc15b4d90f77;fc:15:b4:d9:0f:77;Created by FOG Reg on January 17, 2024, 10:03 am;DebRodrigo;Not Valid;22/01/2024;07:24:18;22/01/2024;07:26:34;2 minutes 16 seconds;Deploy;00:02:16
fog;25;a45d362aed83;a4:5d:36:2a:ed:83;Created by FOG Reg on January 17, 2024, 10:03 am;DebRodrigo;Not Valid;22/01/2024;07:24:16;22/01/2024;07:26:14;1 minute 58 seconds;Deploy;00:01:58
fog;26;a45d362aadca;a4:5d:36:2a:ad:ca;Created by FOG Reg on January 17, 2024, 10:03 am;DebRodrigo;Not Valid;22/01/2024;07:24:16;22/01/2024;07:26:33;2 minutes 17 seconds;Deploy;00:02:17
fog;27;a45d362a9143;a4:5d:36:2a:91:43;Created by FOG Reg on January 17, 2024, 10:04 am;DebRodrigo;Not Valid;22/01/2024;07:24:13;22/01/2024;07:25:51;1 minute 38 seconds;Deploy;00:01:38
fog;28;a45d362ada99;a4:5d:36:2a:da:99;Created by FOG Reg on January 17, 2024, 10:04 am;DebRodrigo;Not Valid;22/01/2024;07:24:15;22/01/2024;07:26:21;2 minutes 6 seconds;Deploy;00:02:06
fog;29;a45d362aad1b;a4:5d:36:2a:ad:1b;Created by FOG Reg on January 17, 2024, 10:04 am;DebRodrigo;Not Valid;22/01/2024;07:24:15;22/01/2024;07:26:27;2 minutes 12 seconds;Deploy;00:02:12
fog;30;a45d362abd32;a4:5d:36:2a:bd:32;Created by FOG Reg on January 17, 2024, 10:05 am;DebRodrigo;Not Valid;22/01/2024;07:24:10;22/01/2024;07:25:45;1 minute 35 seconds;Deploy;00:01:35
fog;31;a45d362abd2b;a4:5d:36:2a:bd:2b;Created by FOG Reg on January 17, 2024, 10:05 am;DebRodrigo;Not Valid;22/01/2024;07:24:21;22/01/2024;07:26:32;2 minutes 11 seconds;Deploy;00:02:11
fog;32;a45d362a9db8;a4:5d:36:2a:9d:b8;Created by FOG Reg on January 17, 2024, 10:05 am;DebRodrigo;Not Valid;22/01/2024;07:24:17;22/01/2024;07:26:32;2 minutes 15 seconds;Deploy;00:02:15
fog;19;a45d362a9df5;a4:5d:36:2a:9d:f5;Created by FOG Reg on January 17, 2024, 9:57 am;DebRodrigo;Not Valid;22/01/2024;07:28:16;22/01/2024;07:30:33;2 minutes 17 seconds;Deploy;00:02:17
fog;20;a45d362aad8f;a4:5d:36:2a:ad:8f;Created by FOG Reg on January 17, 2024, 10:01 am;DebRodrigo;Not Valid;22/01/2024;07:28:16;22/01/2024;07:30:35;2 minutes 19 seconds;Deploy;00:02:19
fog;21;a45d362a91f6;a4:5d:36:2a:91:f6;Created by FOG Reg on January 17, 2024, 10:01 am;DebRodrigo;Not Valid;22/01/2024;07:28:14;22/01/2024;07:30:32;2 minutes 18 seconds;Deploy;00:02:18
fog;22;a45d362abd33;a4:5d:36:2a:bd:33;Created by FOG Reg on January 17, 2024, 10:02 am;DebRodrigo;Not Valid;22/01/2024;07:28:16;22/01/2024;07:30:36;2 minutes 20 seconds;Deploy;00:02:20
fog;23;a45d362abd9d;a4:5d:36:2a:bd:9d;Created by FOG Reg on January 17, 2024, 10:03 am;DebRodrigo;Not Valid;22/01/2024;07:28:13;22/01/2024;07:30:14;2 minutes 1 second;Deploy;00:02:01
fog;24;fc15b4d90f77;fc:15:b4:d9:0f:77;Created by FOG Reg on January 17, 2024, 10:03 am;DebRodrigo;Not Valid;22/01/2024;07:28:11;22/01/2024;07:29:52;1 minute 41 seconds;Deploy;00:01:41
fog;25;a45d362aed83;a4:5d:36:2a:ed:83;Created by FOG Reg on January 17, 2024, 10:03 am;DebRodrigo;Not Valid;22/01/2024;07:28:15;22/01/2024;07:30:34;2 minutes 19 seconds;Deploy;00:02:19
fog;26;a45d362aadca;a4:5d:36:2a:ad:ca;Created by FOG Reg on January 17, 2024, 10:03 am;DebRodrigo;Not Valid;22/01/2024;07:28:16;22/01/2024;07:30:22;2 minutes 6 seconds;Deploy;00:02:06
fog;27;a45d362a9143;a4:5d:36:2a:91:43;Created by FOG Reg on January 17, 2024, 10:04 am;DebRodrigo;Not Valid;22/01/2024;07:28:14;22/01/2024;07:30:23;2 minutes 9 seconds;Deploy;00:02:09
fog;28;a45d362ada99;a4:5d:36:2a:da:99;Created by FOG Reg on January 17, 2024, 10:04 am;DebRodrigo;Not Valid;22/01/2024;07:28:16;22/01/2024;07:30:33;2 minutes 17 seconds;Deploy;00:02:17
fog;29;a45d362aad1b;a4:5d:36:2a:ad:1b;Created by FOG Reg on January 17, 2024, 10:04 am;DebRodrigo;Not Valid;22/01/2024;07:28:15;22/01/2024;07:30:24;2 minutes 9 seconds;Deploy;00:02:09
fog;30;a45d362abd32;a4:5d:36:2a:bd:32;Created by FOG Reg on January 17, 2024, 10:05 am;DebRodrigo;Not Valid;22/01/2024;07:28:10;22/01/2024;07:29:38;1 minute 28 seconds;Deploy;00:01:28
fog;31;a45d362abd2b;a4:5d:36:2a:bd:2b;Created by FOG Reg on January 17, 2024, 10:05 am;DebRodrigo;Not Valid;22/01/2024;07:28:17;22/01/2024;07:30:38;2 minutes 21 seconds;Deploy;00:02:21
fog;32;a45d362a9db8;a4:5d:36:2a:9d:b8;Created by FOG Reg on January 17, 2024, 10:05 am;DebRodrigo;Not Valid;22/01/2024;07:28:16;22/01/2024;07:30:33;2 minutes 17 seconds;Deploy;00:02:17
fog;19;a45d362a9df5;a4:5d:36:2a:9d:f5;Created by FOG Reg on January 17, 2024, 9:57 am;DebRodrigo;Not Valid;22/01/2024;07:32:06;22/01/2024;07:34:15;2 minutes 9 seconds;Deploy;00:02:09
fog;20;a45d362aad8f;a4:5d:36:2a:ad:8f;Created by FOG Reg on January 17, 2024, 10:01 am;DebRodrigo;Not Valid;22/01/2024;07:32:07;22/01/2024;07:34:21;2 minutes 14 seconds;Deploy;00:02:14
fog;21;a45d362a91f6;a4:5d:36:2a:91:f6;Created by FOG Reg on January 17, 2024, 10:01 am;DebRodrigo;Not Valid;22/01/2024;07:32:09;22/01/2024;07:34:29;2 minutes 20 seconds;Deploy;00:02:20
fog;22;a45d362abd33;a4:5d:36:2a:bd:33;Created by FOG Reg on January 17, 2024, 10:02 am;DebRodrigo;Not Valid;22/01/2024;07:32:05;22/01/2024;07:34:23;2 minutes 18 seconds;Deploy;00:02:18
fog;23;a45d362abd9d;a4:5d:36:2a:bd:9d;Created by FOG Reg on January 17, 2024, 10:03 am;DebRodrigo;Not Valid;22/01/2024;07:32:03;22/01/2024;07:34:07;2 minutes 4 seconds;Deploy;00:02:04
fog;24;fc15b4d90f77;fc:15:b4:d9:0f:77;Created by FOG Reg on January 17, 2024, 10:03 am;DebRodrigo;Not Valid;22/01/2024;07:32:06;22/01/2024;07:34:22;2 minutes 16 seconds;Deploy;00:02:16
fog;25;a45d362aed83;a4:5d:36:2a:ed:83;Created by FOG Reg on January 17, 2024, 10:03 am;DebRodrigo;Not Valid;22/01/2024;07:32:03;22/01/2024;07:33:42;1 minute 39 seconds;Deploy;00:01:39
fog;26;a45d362aadca;a4:5d:36:2a:ad:ca;Created by FOG Reg on January 17, 2024, 10:03 am;DebRodrigo;Not Valid;22/01/2024;07:32:05;22/01/2024;07:34:15;2 minutes 10 seconds;Deploy;00:02:10
fog;27;a45d362a9143;a4:5d:36:2a:91:43;Created by FOG Reg on January 17, 2024, 10:04 am;DebRodrigo;Not Valid;22/01/2024;07:32:08;22/01/2024;07:34:27;2 minutes 19 seconds;Deploy;00:02:19
fog;28;a45d362ada99;a4:5d:36:2a:da:99;Created by FOG Reg on January 17, 2024, 10:04 am;DebRodrigo;Not Valid;22/01/2024;07:32:03;22/01/2024;07:33:56;1 minute 53 seconds;Deploy;00:01:53
fog;29;a45d362aad1b;a4:5d:36:2a:ad:1b;Created by FOG Reg on January 17, 2024, 10:04 am;DebRodrigo;Not Valid;22/01/2024;07:32:03;22/01/2024;07:33:42;1 minute 39 seconds;Deploy;00:01:39
fog;30;a45d362abd32;a4:5d:36:2a:bd:32;Created by FOG Reg on January 17, 2024, 10:05 am;DebRodrigo;Not Valid;22/01/2024;07:32:00;22/01/2024;07:33:32;1 minute 32 seconds;Deploy;00:01:32
fog;31;a45d362abd2b;a4:5d:36:2a:bd:2b;Created by FOG Reg on January 17, 2024, 10:05 am;DebRodrigo;Not Valid;22/01/2024;07:32:08;22/01/2024;07:34:32;2 minutes 24 seconds;Deploy;00:02:24
fog;32;a45d362a9db8;a4:5d:36:2a:9d:b8;Created by FOG Reg on January 17, 2024, 10:05 am;DebRodrigo;Not Valid;22/01/2024;07:32:06;22/01/2024;07:34:15;2 minutes 9 seconds;Deploy;00:02:09
fog;19;a45d362a9df5;a4:5d:36:2a:9d:f5;Created by FOG Reg on January 17, 2024, 9:57 am;DebRodrigo;Not Valid;22/01/2024;07:36:12;22/01/2024;07:38:29;2 minutes 17 seconds;Deploy;00:02:17
fog;20;a45d362aad8f;a4:5d:36:2a:ad:8f;Created by FOG Reg on January 17, 2024, 10:01 am;DebRodrigo;Not Valid;22/01/2024;07:36:10;22/01/2024;07:38:19;2 minutes 9 seconds;Deploy;00:02:09
fog;21;a45d362a91f6;a4:5d:36:2a:91:f6;Created by FOG Reg on January 17, 2024, 10:01 am;DebRodrigo;Not Valid;22/01/2024;07:36:09;22/01/2024;07:38:31;2 minutes 22 seconds;Deploy;00:02:22
fog;22;a45d362abd33;a4:5d:36:2a:bd:33;Created by FOG Reg on January 17, 2024, 10:02 am;DebRodrigo;Not Valid;22/01/2024;07:36:12;22/01/2024;07:38:29;2 minutes 17 seconds;Deploy;00:02:17
fog;23;a45d362abd9d;a4:5d:36:2a:bd:9d;Created by FOG Reg on January 17, 2024, 10:03 am;DebRodrigo;Not Valid;22/01/2024;07:36:10;22/01/2024;07:38:37;2 minutes 27 seconds;Deploy;00:02:27
fog;24;fc15b4d90f77;fc:15:b4:d9:0f:77;Created by FOG Reg on January 17, 2024, 10:03 am;DebRodrigo;Not Valid;22/01/2024;07:36:11;22/01/2024;07:38:32;2 minutes 21 seconds;Deploy;00:02:21
fog;25;a45d362aed83;a4:5d:36:2a:ed:83;Created by FOG Reg on January 17, 2024, 10:03 am;DebRodrigo;Not Valid;22/01/2024;07:36:10;22/01/2024;07:38:31;2 minutes 21 seconds;Deploy;00:02:21
fog;26;a45d362aadca;a4:5d:36:2a:ad:ca;Created by FOG Reg on January 17, 2024, 10:03 am;DebRodrigo;Not Valid;22/01/2024;07:36:09;22/01/2024;07:38:11;2 minutes 2 seconds;Deploy;00:02:02
fog;27;a45d362a9143;a4:5d:36:2a:91:43;Created by FOG Reg on January 17, 2024, 10:04 am;DebRodrigo;Not Valid;22/01/2024;07:36:11;22/01/2024;07:38:23;2 minutes 12 seconds;Deploy;00:02:12
fog;28;a45d362ada99;a4:5d:36:2a:da:99;Created by FOG Reg on January 17, 2024, 10:04 am;DebRodrigo;Not Valid;22/01/2024;07:36:08;22/01/2024;07:38:00;1 minute 52 seconds;Deploy;00:01:52
fog;29;a45d362aad1b;a4:5d:36:2a:ad:1b;Created by FOG Reg on January 17, 2024, 10:04 am;DebRodrigo;Not Valid;22/01/2024;07:36:09;22/01/2024;07:38:04;1 minute 55 seconds;Deploy;00:01:55
fog;30;a45d362abd32;a4:5d:36:2a:bd:32;Created by FOG Reg on January 17, 2024, 10:05 am;DebRodrigo;Not Valid;22/01/2024;07:36:06;22/01/2024;07:37:38;1 minute 32 seconds;Deploy;00:01:32
fog;31;a45d362abd2b;a4:5d:36:2a:bd:2b;Created by FOG Reg on January 17, 2024, 10:05 am;DebRodrigo;Not Valid;22/01/2024;07:36:13;22/01/2024;07:38:24;2 minutes 11 seconds;Deploy;00:02:11
fog;32;a45d362a9db8;a4:5d:36:2a:9d:b8;Created by FOG Reg on January 17, 2024, 10:05 am;DebRodrigo;Not Valid;22/01/2024;07:36:12;22/01/2024;07:38:26;2 minutes 14 seconds;Deploy;00:02:14
fog;19;a45d362a9df5;a4:5d:36:2a:9d:f5;Created by FOG Reg on January 17, 2024, 9:57 am;DebRodrigo;Not Valid;22/01/2024;07:40:09;22/01/2024;07:42:26;2 minutes 17 seconds;Deploy;00:02:17
fog;20;a45d362aad8f;a4:5d:36:2a:ad:8f;Created by FOG Reg on January 17, 2024, 10:01 am;DebRodrigo;Not Valid;22/01/2024;07:40:09;22/01/2024;07:42:25;2 minutes 16 seconds;Deploy;00:02:16
fog;21;a45d362a91f6;a4:5d:36:2a:91:f6;Created by FOG Reg on January 17, 2024, 10:01 am;DebRodrigo;Not Valid;22/01/2024;07:40:10;22/01/2024;07:42:23;2 minutes 13 seconds;Deploy;00:02:13
fog;22;a45d362abd33;a4:5d:36:2a:bd:33;Created by FOG Reg on January 17, 2024, 10:02 am;DebRodrigo;Not Valid;22/01/2024;07:40:11;22/01/2024;07:42:29;2 minutes 18 seconds;Deploy;00:02:18
fog;23;a45d362abd9d;a4:5d:36:2a:bd:9d;Created by FOG Reg on January 17, 2024, 10:03 am;DebRodrigo;Not Valid;22/01/2024;07:40:06;22/01/2024;07:42:00;1 minute 54 seconds;Deploy;00:01:54
fog;24;fc15b4d90f77;fc:15:b4:d9:0f:77;Created by FOG Reg on January 17, 2024, 10:03 am;DebRodrigo;Not Valid;22/01/2024;07:40:10;22/01/2024;07:42:28;2 minutes 18 seconds;Deploy;00:02:18
fog;25;a45d362aed83;a4:5d:36:2a:ed:83;Created by FOG Reg on January 17, 2024, 10:03 am;DebRodrigo;Not Valid;22/01/2024;07:40:08;22/01/2024;07:42:08;2 minutes ;Deploy;00:02:00
fog;26;a45d362aadca;a4:5d:36:2a:ad:ca;Created by FOG Reg on January 17, 2024, 10:03 am;DebRodrigo;Not Valid;22/01/2024;07:40:09;22/01/2024;07:42:25;2 minutes 16 seconds;Deploy;00:02:16
fog;27;a45d362a9143;a4:5d:36:2a:91:43;Created by FOG Reg on January 17, 2024, 10:04 am;DebRodrigo;Not Valid;22/01/2024;07:40:10;22/01/2024;07:42:29;2 minutes 19 seconds;Deploy;00:02:19
fog;28;a45d362ada99;a4:5d:36:2a:da:99;Created by FOG Reg on January 17, 2024, 10:04 am;DebRodrigo;Not Valid;22/01/2024;07:40:09;22/01/2024;07:42:24;2 minutes 15 seconds;Deploy;00:02:15
fog;29;a45d362aad1b;a4:5d:36:2a:ad:1b;Created by FOG Reg on January 17, 2024, 10:04 am;DebRodrigo;Not Valid;22/01/2024;07:40:11;22/01/2024;07:42:22;2 minutes 11 seconds;Deploy;00:02:11
fog;30;a45d362abd32;a4:5d:36:2a:bd:32;Created by FOG Reg on January 17, 2024, 10:05 am;DebRodrigo;Not Valid;22/01/2024;07:40:03;22/01/2024;07:41:42;1 minute 39 seconds;Deploy;00:01:39
fog;31;a45d362abd2b;a4:5d:36:2a:bd:2b;Created by FOG Reg on January 17, 2024, 10:05 am;DebRodrigo;Not Valid;22/01/2024;07:40:13;22/01/2024;07:42:34;2 minutes 21 seconds;Deploy;00:02:21
fog;32;a45d362a9db8;a4:5d:36:2a:9d:b8;Created by FOG Reg on January 17, 2024, 10:05 am;DebRodrigo;Not Valid;22/01/2024;07:40:10;22/01/2024;07:42:16;2 minutes 6 seconds;Deploy;00:02:06
fog;19;a45d362a9df5;a4:5d:36:2a:9d:f5;Created by FOG Reg on January 17, 2024, 9:57 am;DebRodrigo;Not Valid;22/01/2024;07:44:03;22/01/2024;07:46:20;2 minutes 17 seconds;Deploy;00:02:17
fog;20;a45d362aad8f;a4:5d:36:2a:ad:8f;Created by FOG Reg on January 17, 2024, 10:01 am;DebRodrigo;Not Valid;22/01/2024;07:43:59;22/01/2024;07:45:57;1 minute 58 seconds;Deploy;00:01:58
fog;21;a45d362a91f6;a4:5d:36:2a:91:f6;Created by FOG Reg on January 17, 2024, 10:01 am;DebRodrigo;Not Valid;22/01/2024;07:44:00;22/01/2024;07:46:06;2 minutes 6 seconds;Deploy;00:02:06
fog;22;a45d362abd33;a4:5d:36:2a:bd:33;Created by FOG Reg on January 17, 2024, 10:02 am;DebRodrigo;Not Valid;22/01/2024;07:43:58;22/01/2024;07:46:18;2 minutes 20 seconds;Deploy;00:02:20
fog;23;a45d362abd9d;a4:5d:36:2a:bd:9d;Created by FOG Reg on January 17, 2024, 10:03 am;DebRodrigo;Not Valid;22/01/2024;07:43:59;22/01/2024;07:46:28;2 minutes 29 seconds;Deploy;00:02:29
fog;24;fc15b4d90f77;fc:15:b4:d9:0f:77;Created by FOG Reg on January 17, 2024, 10:03 am;DebRodrigo;Not Valid;22/01/2024;07:44:01;22/01/2024;07:46:08;2 minutes 7 seconds;Deploy;00:02:07
fog;25;a45d362aed83;a4:5d:36:2a:ed:83;Created by FOG Reg on January 17, 2024, 10:03 am;DebRodrigo;Not Valid;22/01/2024;07:43:59;22/01/2024;07:46:13;2 minutes 14 seconds;Deploy;00:02:14
fog;26;a45d362aadca;a4:5d:36:2a:ad:ca;Created by FOG Reg on January 17, 2024, 10:03 am;DebRodrigo;Not Valid;22/01/2024;07:44:01;22/01/2024;07:46:21;2 minutes 20 seconds;Deploy;00:02:20
fog;27;a45d362a9143;a4:5d:36:2a:91:43;Created by FOG Reg on January 17, 2024, 10:04 am;DebRodrigo;Not Valid;22/01/2024;07:43:58;22/01/2024;07:45:35;1 minute 37 seconds;Deploy;00:01:37
fog;28;a45d362ada99;a4:5d:36:2a:da:99;Created by FOG Reg on January 17, 2024, 10:04 am;DebRodrigo;Not Valid;22/01/2024;07:44:02;22/01/2024;07:46:22;2 minutes 20 seconds;Deploy;00:02:20
fog;29;a45d362aad1b;a4:5d:36:2a:ad:1b;Created by FOG Reg on January 17, 2024, 10:04 am;DebRodrigo;Not Valid;22/01/2024;07:44:01;22/01/2024;07:46:13;2 minutes 12 seconds;Deploy;00:02:12
fog;30;a45d362abd32;a4:5d:36:2a:bd:32;Created by FOG Reg on January 17, 2024, 10:05 am;DebRodrigo;Not Valid;22/01/2024;07:43:56;22/01/2024;07:45:30;1 minute 34 seconds;Deploy;00:01:34
fog;31;a45d362abd2b;a4:5d:36:2a:bd:2b;Created by FOG Reg on January 17, 2024, 10:05 am;DebRodrigo;Not Valid;22/01/2024;07:44:04;22/01/2024;07:46:18;2 minutes 14 seconds;Deploy;00:02:14
fog;32;a45d362a9db8;a4:5d:36:2a:9d:b8;Created by FOG Reg on January 17, 2024, 10:05 am;DebRodrigo;Not Valid;22/01/2024;07:44:01;22/01/2024;07:46:07;2 minutes 6 seconds;Deploy;00:02:06
fog;19;a45d362a9df5;a4:5d:36:2a:9d:f5;Created by FOG Reg on January 17, 2024, 9:57 am;DebRodrigo;Not Valid;22/01/2024;07:48:17;22/01/2024;07:50:30;2 minutes 13 seconds;Deploy;00:02:13
fog;20;a45d362aad8f;a4:5d:36:2a:ad:8f;Created by FOG Reg on January 17, 2024, 10:01 am;DebRodrigo;Not Valid;22/01/2024;07:48:17;22/01/2024;07:50:33;2 minutes 16 seconds;Deploy;00:02:16
fog;21;a45d362a91f6;a4:5d:36:2a:91:f6;Created by FOG Reg on January 17, 2024, 10:01 am;DebRodrigo;Not Valid;22/01/2024;07:48:15;22/01/2024;07:50:21;2 minutes 6 seconds;Deploy;00:02:06
fog;22;a45d362abd33;a4:5d:36:2a:bd:33;Created by FOG Reg on January 17, 2024, 10:02 am;DebRodrigo;Not Valid;22/01/2024;07:48:17;22/01/2024;07:50:31;2 minutes 14 seconds;Deploy;00:02:14
fog;23;a45d362abd9d;a4:5d:36:2a:bd:9d;Created by FOG Reg on January 17, 2024, 10:03 am;DebRodrigo;Not Valid;22/01/2024;07:48:16;22/01/2024;07:50:38;2 minutes 22 seconds;Deploy;00:02:22
fog;24;fc15b4d90f77;fc:15:b4:d9:0f:77;Created by FOG Reg on January 17, 2024, 10:03 am;DebRodrigo;Not Valid;22/01/2024;07:48:17;22/01/2024;07:50:24;2 minutes 7 seconds;Deploy;00:02:07
fog;25;a45d362aed83;a4:5d:36:2a:ed:83;Created by FOG Reg on January 17, 2024, 10:03 am;DebRodrigo;Not Valid;22/01/2024;07:48:16;22/01/2024;07:50:31;2 minutes 15 seconds;Deploy;00:02:15
fog;26;a45d362aadca;a4:5d:36:2a:ad:ca;Created by FOG Reg on January 17, 2024, 10:03 am;DebRodrigo;Not Valid;22/01/2024;07:48:10;22/01/2024;07:49:43;1 minute 33 seconds;Deploy;00:01:33
fog;27;a45d362a9143;a4:5d:36:2a:91:43;Created by FOG Reg on January 17, 2024, 10:04 am;DebRodrigo;Not Valid;22/01/2024;07:48:15;22/01/2024;07:50:33;2 minutes 18 seconds;Deploy;00:02:18
fog;28;a45d362ada99;a4:5d:36:2a:da:99;Created by FOG Reg on January 17, 2024, 10:04 am;DebRodrigo;Not Valid;22/01/2024;07:48:14;22/01/2024;07:50:16;2 minutes 2 seconds;Deploy;00:02:02
fog;29;a45d362aad1b;a4:5d:36:2a:ad:1b;Created by FOG Reg on January 17, 2024, 10:04 am;DebRodrigo;Not Valid;22/01/2024;07:48:11;22/01/2024;07:49:52;1 minute 41 seconds;Deploy;00:01:41
fog;30;a45d362abd32;a4:5d:36:2a:bd:32;Created by FOG Reg on January 17, 2024, 10:05 am;DebRodrigo;Not Valid;22/01/2024;07:48:09;22/01/2024;07:49:42;1 minute 33 seconds;Deploy;00:01:33
fog;31;a45d362abd2b;a4:5d:36:2a:bd:2b;Created by FOG Reg on January 17, 2024, 10:05 am;DebRodrigo;Not Valid;22/01/2024;07:48:17;22/01/2024;07:50:37;2 minutes 20 seconds;Deploy;00:02:20
fog;32;a45d362a9db8;a4:5d:36:2a:9d:b8;Created by FOG Reg on January 17, 2024, 10:05 am;DebRodrigo;Not Valid;22/01/2024;07:48:17;22/01/2024;07:50:20;2 minutes 3 seconds;Deploy;00:02:03
fog;19;a45d362a9df5;a4:5d:36:2a:9d:f5;Created by FOG Reg on January 17, 2024, 9:57 am;DebRodrigo;Not Valid;22/01/2024;07:52:20;22/01/2024;07:54:21;2 minutes 1 second;Deploy;00:02:01
fog;20;a45d362aad8f;a4:5d:36:2a:ad:8f;Created by FOG Reg on January 17, 2024, 10:01 am;DebRodrigo;Not Valid;22/01/2024;07:52:23;22/01/2024;07:54:38;2 minutes 15 seconds;Deploy;00:02:15
fog;21;a45d362a91f6;a4:5d:36:2a:91:f6;Created by FOG Reg on January 17, 2024, 10:01 am;DebRodrigo;Not Valid;22/01/2024;07:52:23;22/01/2024;07:54:41;2 minutes 18 seconds;Deploy;00:02:18
fog;22;a45d362abd33;a4:5d:36:2a:bd:33;Created by FOG Reg on January 17, 2024, 10:02 am;DebRodrigo;Not Valid;22/01/2024;07:52:20;22/01/2024;07:54:39;2 minutes 19 seconds;Deploy;00:02:19
fog;23;a45d362abd9d;a4:5d:36:2a:bd:9d;Created by FOG Reg on January 17, 2024, 10:03 am;DebRodrigo;Not Valid;22/01/2024;07:52:21;22/01/2024;07:54:40;2 minutes 19 seconds;Deploy;00:02:19
fog;24;fc15b4d90f77;fc:15:b4:d9:0f:77;Created by FOG Reg on January 17, 2024, 10:03 am;DebRodrigo;Not Valid;22/01/2024;07:52:24;22/01/2024;07:54:40;2 minutes 16 seconds;Deploy;00:02:16
fog;25;a45d362aed83;a4:5d:36:2a:ed:83;Created by FOG Reg on January 17, 2024, 10:03 am;DebRodrigo;Not Valid;22/01/2024;07:52:19;22/01/2024;07:54:17;1 minute 58 seconds;Deploy;00:01:58
fog;26;a45d362aadca;a4:5d:36:2a:ad:ca;Created by FOG Reg on January 17, 2024, 10:03 am;DebRodrigo;Not Valid;22/01/2024;07:52:23;22/01/2024;07:54:34;2 minutes 11 seconds;Deploy;00:02:11
fog;27;a45d362a9143;a4:5d:36:2a:91:43;Created by FOG Reg on January 17, 2024, 10:04 am;DebRodrigo;Not Valid;22/01/2024;07:52:21;22/01/2024;07:54:24;2 minutes 3 seconds;Deploy;00:02:03
fog;28;a45d362ada99;a4:5d:36:2a:da:99;Created by FOG Reg on January 17, 2024, 10:04 am;DebRodrigo;Not Valid;22/01/2024;07:52:19;22/01/2024;07:54:11;1 minute 52 seconds;Deploy;00:01:52
fog;29;a45d362aad1b;a4:5d:36:2a:ad:1b;Created by FOG Reg on January 17, 2024, 10:04 am;DebRodrigo;Not Valid;22/01/2024;07:52:21;22/01/2024;07:54:38;2 minutes 17 seconds;Deploy;00:02:17
fog;30;a45d362abd32;a4:5d:36:2a:bd:32;Created by FOG Reg on January 17, 2024, 10:05 am;DebRodrigo;Not Valid;22/01/2024;07:52:14;22/01/2024;07:53:44;1 minute 30 seconds;Deploy;00:01:30
fog;31;a45d362abd2b;a4:5d:36:2a:bd:2b;Created by FOG Reg on January 17, 2024, 10:05 am;DebRodrigo;Not Valid;22/01/2024;07:52:24;22/01/2024;07:54:46;2 minutes 22 seconds;Deploy;00:02:22
fog;32;a45d362a9db8;a4:5d:36:2a:9d:b8;Created by FOG Reg on January 17, 2024, 10:05 am;DebRodrigo;Not Valid;22/01/2024;07:52:19;22/01/2024;07:54:38;2 minutes 19 seconds;Deploy;00:02:19
fog;19;a45d362a9df5;a4:5d:36:2a:9d:f5;Created by FOG Reg on January 17, 2024, 9:57 am;DebRodrigo;Not Valid;22/01/2024;07:56:25;22/01/2024;07:58:33;2 minutes 8 seconds;Deploy;00:02:08
fog;20;a45d362aad8f;a4:5d:36:2a:ad:8f;Created by FOG Reg on January 17, 2024, 10:01 am;DebRodrigo;Not Valid;22/01/2024;07:56:25;22/01/2024;07:58:25;2 minutes ;Deploy;00:02:00
fog;21;a45d362a91f6;a4:5d:36:2a:91:f6;Created by FOG Reg on January 17, 2024, 10:01 am;DebRodrigo;Not Valid;22/01/2024;07:56:20;22/01/2024;07:57:53;1 minute 33 seconds;Deploy;00:01:33
fog;22;a45d362abd33;a4:5d:36:2a:bd:33;Created by FOG Reg on January 17, 2024, 10:02 am;DebRodrigo;Not Valid;22/01/2024;07:56:24;22/01/2024;07:58:39;2 minutes 15 seconds;Deploy;00:02:15
fog;23;a45d362abd9d;a4:5d:36:2a:bd:9d;Created by FOG Reg on January 17, 2024, 10:03 am;DebRodrigo;Not Valid;22/01/2024;07:56:23;22/01/2024;07:58:34;2 minutes 11 seconds;Deploy;00:02:11
fog;24;fc15b4d90f77;fc:15:b4:d9:0f:77;Created by FOG Reg on January 17, 2024, 10:03 am;DebRodrigo;Not Valid;22/01/2024;07:56:25;22/01/2024;07:58:36;2 minutes 11 seconds;Deploy;00:02:11
fog;25;a45d362aed83;a4:5d:36:2a:ed:83;Created by FOG Reg on January 17, 2024, 10:03 am;DebRodrigo;Not Valid;22/01/2024;07:56:24;22/01/2024;07:58:36;2 minutes 12 seconds;Deploy;00:02:12
fog;26;a45d362aadca;a4:5d:36:2a:ad:ca;Created by FOG Reg on January 17, 2024, 10:03 am;DebRodrigo;Not Valid;22/01/2024;07:56:24;22/01/2024;07:58:43;2 minutes 19 seconds;Deploy;00:02:19
fog;27;a45d362a9143;a4:5d:36:2a:91:43;Created by FOG Reg on January 17, 2024, 10:04 am;DebRodrigo;Not Valid;22/01/2024;07:56:29;22/01/2024;07:58:50;2 minutes 21 seconds;Deploy;00:02:21
fog;28;a45d362ada99;a4:5d:36:2a:da:99;Created by FOG Reg on January 17, 2024, 10:04 am;DebRodrigo;Not Valid;22/01/2024;07:56:24;22/01/2024;07:58:40;2 minutes 16 seconds;Deploy;00:02:16
fog;29;a45d362aad1b;a4:5d:36:2a:ad:1b;Created by FOG Reg on January 17, 2024, 10:04 am;DebRodrigo;Not Valid;22/01/2024;07:56:22;22/01/2024;07:58:05;1 minute 43 seconds;Deploy;00:01:43
fog;30;a45d362abd32;a4:5d:36:2a:bd:32;Created by FOG Reg on January 17, 2024, 10:05 am;DebRodrigo;Not Valid;22/01/2024;07:56:19;22/01/2024;07:57:49;1 minute 30 seconds;Deploy;00:01:30
fog;31;a45d362abd2b;a4:5d:36:2a:bd:2b;Created by FOG Reg on January 17, 2024, 10:05 am;DebRodrigo;Not Valid;22/01/2024;07:56:29;22/01/2024;07:58:50;2 minutes 21 seconds;Deploy;00:02:21
fog;32;a45d362a9db8;a4:5d:36:2a:9d:b8;Created by FOG Reg on January 17, 2024, 10:05 am;DebRodrigo;Not Valid;22/01/2024;07:56:25;22/01/2024;07:58:43;2 minutes 18 seconds;Deploy;00:02:18
fog;19;a45d362a9df5;a4:5d:36:2a:9d:f5;Created by FOG Reg on January 17, 2024, 9:57 am;DebRodrigo;Not Valid;22/01/2024;08:00:32;22/01/2024;08:02:52;2 minutes 20 seconds;Deploy;00:02:20
fog;20;a45d362aad8f;a4:5d:36:2a:ad:8f;Created by FOG Reg on January 17, 2024, 10:01 am;DebRodrigo;Not Valid;22/01/2024;08:00:31;22/01/2024;08:02:42;2 minutes 11 seconds;Deploy;00:02:11
fog;21;a45d362a91f6;a4:5d:36:2a:91:f6;Created by FOG Reg on January 17, 2024, 10:01 am;DebRodrigo;Not Valid;22/01/2024;08:00:32;22/01/2024;08:02:52;2 minutes 20 seconds;Deploy;00:02:20
fog;22;a45d362abd33;a4:5d:36:2a:bd:33;Created by FOG Reg on January 17, 2024, 10:02 am;DebRodrigo;Not Valid;22/01/2024;08:00:32;22/01/2024;08:02:51;2 minutes 19 seconds;Deploy;00:02:19
fog;23;a45d362abd9d;a4:5d:36:2a:bd:9d;Created by FOG Reg on January 17, 2024, 10:03 am;DebRodrigo;Not Valid;22/01/2024;08:00:29;22/01/2024;08:02:24;1 minute 55 seconds;Deploy;00:01:55
fog;24;fc15b4d90f77;fc:15:b4:d9:0f:77;Created by FOG Reg on January 17, 2024, 10:03 am;DebRodrigo;Not Valid;22/01/2024;08:00:32;22/01/2024;08:02:46;2 minutes 14 seconds;Deploy;00:02:14
fog;25;a45d362aed83;a4:5d:36:2a:ed:83;Created by FOG Reg on January 17, 2024, 10:03 am;DebRodrigo;Not Valid;22/01/2024;08:00:31;22/01/2024;08:02:46;2 minutes 15 seconds;Deploy;00:02:15
fog;26;a45d362aadca;a4:5d:36:2a:ad:ca;Created by FOG Reg on January 17, 2024, 10:03 am;DebRodrigo;Not Valid;22/01/2024;08:00:30;22/01/2024;08:02:07;1 minute 37 seconds;Deploy;00:01:37
fog;27;a45d362a9143;a4:5d:36:2a:91:43;Created by FOG Reg on January 17, 2024, 10:04 am;DebRodrigo;Not Valid;22/01/2024;08:00:31;22/01/2024;08:02:51;2 minutes 20 seconds;Deploy;00:02:20
fog;28;a45d362ada99;a4:5d:36:2a:da:99;Created by FOG Reg on January 17, 2024, 10:04 am;DebRodrigo;Not Valid;22/01/2024;08:00:30;22/01/2024;08:02:28;1 minute 58 seconds;Deploy;00:01:58
fog;29;a45d362aad1b;a4:5d:36:2a:ad:1b;Created by FOG Reg on January 17, 2024, 10:04 am;DebRodrigo;Not Valid;22/01/2024;08:00:33;22/01/2024;08:02:48;2 minutes 15 seconds;Deploy;00:02:15
fog;30;a45d362abd32;a4:5d:36:2a:bd:32;Created by FOG Reg on January 17, 2024, 10:05 am;DebRodrigo;Not Valid;22/01/2024;08:00:26;22/01/2024;08:01:57;1 minute 31 seconds;Deploy;00:01:31
fog;31;a45d362abd2b;a4:5d:36:2a:bd:2b;Created by FOG Reg on January 17, 2024, 10:05 am;DebRodrigo;Not Valid;22/01/2024;08:00:35;22/01/2024;08:02:54;2 minutes 19 seconds;Deploy;00:02:19
fog;32;a45d362a9db8;a4:5d:36:2a:9d:b8;Created by FOG Reg on January 17, 2024, 10:05 am;DebRodrigo;Not Valid;22/01/2024;08:00:33;22/01/2024;08:02:51;2 minutes 18 seconds;Deploy;00:02:18
fog;19;a45d362a9df5;a4:5d:36:2a:9d:f5;Created by FOG Reg on January 17, 2024, 9:57 am;DebRodrigo;Not Valid;22/01/2024;08:04:26;22/01/2024;08:06:26;2 minutes ;Deploy;00:02:00
fog;20;a45d362aad8f;a4:5d:36:2a:ad:8f;Created by FOG Reg on January 17, 2024, 10:01 am;DebRodrigo;Not Valid;22/01/2024;08:04:27;22/01/2024;08:06:40;2 minutes 13 seconds;Deploy;00:02:13
fog;21;a45d362a91f6;a4:5d:36:2a:91:f6;Created by FOG Reg on January 17, 2024, 10:01 am;DebRodrigo;Not Valid;22/01/2024;08:04:27;22/01/2024;08:06:42;2 minutes 15 seconds;Deploy;00:02:15
fog;22;a45d362abd33;a4:5d:36:2a:bd:33;Created by FOG Reg on January 17, 2024, 10:02 am;DebRodrigo;Not Valid;22/01/2024;08:04:26;22/01/2024;08:06:47;2 minutes 21 seconds;Deploy;00:02:21
fog;23;a45d362abd9d;a4:5d:36:2a:bd:9d;Created by FOG Reg on January 17, 2024, 10:03 am;DebRodrigo;Not Valid;22/01/2024;08:04:27;22/01/2024;08:06:46;2 minutes 19 seconds;Deploy;00:02:19
fog;24;fc15b4d90f77;fc:15:b4:d9:0f:77;Created by FOG Reg on January 17, 2024, 10:03 am;DebRodrigo;Not Valid;22/01/2024;08:04:28;22/01/2024;08:06:45;2 minutes 17 seconds;Deploy;00:02:17
fog;25;a45d362aed83;a4:5d:36:2a:ed:83;Created by FOG Reg on January 17, 2024, 10:03 am;DebRodrigo;Not Valid;22/01/2024;08:04:26;22/01/2024;08:06:38;2 minutes 12 seconds;Deploy;00:02:12
fog;26;a45d362aadca;a4:5d:36:2a:ad:ca;Created by FOG Reg on January 17, 2024, 10:03 am;DebRodrigo;Not Valid;22/01/2024;08:04:25;22/01/2024;08:06:20;1 minute 55 seconds;Deploy;00:01:55
fog;27;a45d362a9143;a4:5d:36:2a:91:43;Created by FOG Reg on January 17, 2024, 10:04 am;DebRodrigo;Not Valid;22/01/2024;08:04:26;22/01/2024;08:06:43;2 minutes 17 seconds;Deploy;00:02:17
fog;28;a45d362ada99;a4:5d:36:2a:da:99;Created by FOG Reg on January 17, 2024, 10:04 am;DebRodrigo;Not Valid;22/01/2024;08:04:26;22/01/2024;08:06:42;2 minutes 16 seconds;Deploy;00:02:16
fog;29;a45d362aad1b;a4:5d:36:2a:ad:1b;Created by FOG Reg on January 17, 2024, 10:04 am;DebRodrigo;Not Valid;22/01/2024;08:04:25;22/01/2024;08:05:59;1 minute 34 seconds;Deploy;00:01:34
fog;30;a45d362abd32;a4:5d:36:2a:bd:32;Created by FOG Reg on January 17, 2024, 10:05 am;DebRodrigo;Not Valid;22/01/2024;08:04:20;22/01/2024;08:06:02;1 minute 42 seconds;Deploy;00:01:42
fog;31;a45d362abd2b;a4:5d:36:2a:bd:2b;Created by FOG Reg on January 17, 2024, 10:05 am;DebRodrigo;Not Valid;22/01/2024;08:04:31;22/01/2024;08:06:48;2 minutes 17 seconds;Deploy;00:02:17
fog;32;a45d362a9db8;a4:5d:36:2a:9d:b8;Created by FOG Reg on January 17, 2024, 10:05 am;DebRodrigo;Not Valid;22/01/2024;08:04:26;22/01/2024;08:06:44;2 minutes 18 seconds;Deploy;00:02:18
fog;19;a45d362a9df5;a4:5d:36:2a:9d:f5;Created by FOG Reg on January 17, 2024, 9:57 am;DebRodrigo;Not Valid;22/01/2024;08:08:24;22/01/2024;08:10:31;2 minutes 7 seconds;Deploy;00:02:07
fog;20;a45d362aad8f;a4:5d:36:2a:ad:8f;Created by FOG Reg on January 17, 2024, 10:01 am;DebRodrigo;Not Valid;22/01/2024;08:08:15;22/01/2024;08:10:21;2 minutes 6 seconds;Deploy;00:02:06
fog;21;a45d362a91f6;a4:5d:36:2a:91:f6;Created by FOG Reg on January 17, 2024, 10:01 am;DebRodrigo;Not Valid;22/01/2024;08:08:16;22/01/2024;08:10:38;2 minutes 22 seconds;Deploy;00:02:22
fog;22;a45d362abd33;a4:5d:36:2a:bd:33;Created by FOG Reg on January 17, 2024, 10:02 am;DebRodrigo;Not Valid;22/01/2024;08:08:18;22/01/2024;08:10:37;2 minutes 19 seconds;Deploy;00:02:19
fog;23;a45d362abd9d;a4:5d:36:2a:bd:9d;Created by FOG Reg on January 17, 2024, 10:03 am;DebRodrigo;Not Valid;22/01/2024;08:08:15;22/01/2024;08:10:44;2 minutes 29 seconds;Deploy;00:02:29
fog;24;fc15b4d90f77;fc:15:b4:d9:0f:77;Created by FOG Reg on January 17, 2024, 10:03 am;DebRodrigo;Not Valid;22/01/2024;08:08:16;22/01/2024;08:10:37;2 minutes 21 seconds;Deploy;00:02:21
fog;25;a45d362aed83;a4:5d:36:2a:ed:83;Created by FOG Reg on January 17, 2024, 10:03 am;DebRodrigo;Not Valid;22/01/2024;08:08:15;22/01/2024;08:10:25;2 minutes 10 seconds;Deploy;00:02:10
fog;26;a45d362aadca;a4:5d:36:2a:ad:ca;Created by FOG Reg on January 17, 2024, 10:03 am;DebRodrigo;Not Valid;22/01/2024;08:08:17;22/01/2024;08:10:37;2 minutes 20 seconds;Deploy;00:02:20
fog;27;a45d362a9143;a4:5d:36:2a:91:43;Created by FOG Reg on January 17, 2024, 10:04 am;DebRodrigo;Not Valid;22/01/2024;08:08:15;22/01/2024;08:10:28;2 minutes 13 seconds;Deploy;00:02:13
fog;28;a45d362ada99;a4:5d:36:2a:da:99;Created by FOG Reg on January 17, 2024, 10:04 am;DebRodrigo;Not Valid;22/01/2024;08:08:15;22/01/2024;08:10:23;2 minutes 8 seconds;Deploy;00:02:08
fog;29;a45d362aad1b;a4:5d:36:2a:ad:1b;Created by FOG Reg on January 17, 2024, 10:04 am;DebRodrigo;Not Valid;22/01/2024;08:08:17;22/01/2024;08:10:37;2 minutes 20 seconds;Deploy;00:02:20
fog;30;a45d362abd32;a4:5d:36:2a:bd:32;Created by FOG Reg on January 17, 2024, 10:05 am;DebRodrigo;Not Valid;22/01/2024;08:08:23;22/01/2024;08:10:12;1 minute 49 seconds;Deploy;00:01:49
fog;31;a45d362abd2b;a4:5d:36:2a:bd:2b;Created by FOG Reg on January 17, 2024, 10:05 am;DebRodrigo;Not Valid;22/01/2024;08:08:19;22/01/2024;08:10:37;2 minutes 18 seconds;Deploy;00:02:18
fog;32;a45d362a9db8;a4:5d:36:2a:9d:b8;Created by FOG Reg on January 17, 2024, 10:05 am;DebRodrigo;Not Valid;22/01/2024;08:08:29;22/01/2024;08:10:11;1 minute 42 seconds;Deploy;00:01:42
fog;19;a45d362a9df5;a4:5d:36:2a:9d:f5;Created by FOG Reg on January 17, 2024, 9:57 am;DebRodrigo;Not Valid;22/01/2024;08:12:09;22/01/2024;08:14:22;2 minutes 13 seconds;Deploy;00:02:13
fog;20;a45d362aad8f;a4:5d:36:2a:ad:8f;Created by FOG Reg on January 17, 2024, 10:01 am;DebRodrigo;Not Valid;22/01/2024;08:12:11;22/01/2024;08:14:27;2 minutes 16 seconds;Deploy;00:02:16
fog;21;a45d362a91f6;a4:5d:36:2a:91:f6;Created by FOG Reg on January 17, 2024, 10:01 am;DebRodrigo;Not Valid;22/01/2024;08:12:08;22/01/2024;08:13:43;1 minute 35 seconds;Deploy;00:01:35
fog;22;a45d362abd33;a4:5d:36:2a:bd:33;Created by FOG Reg on January 17, 2024, 10:02 am;DebRodrigo;Not Valid;22/01/2024;08:12:10;22/01/2024;08:14:27;2 minutes 17 seconds;Deploy;00:02:17
fog;23;a45d362abd9d;a4:5d:36:2a:bd:9d;Created by FOG Reg on January 17, 2024, 10:03 am;DebRodrigo;Not Valid;22/01/2024;08:12:08;22/01/2024;08:14:19;2 minutes 11 seconds;Deploy;00:02:11
fog;24;fc15b4d90f77;fc:15:b4:d9:0f:77;Created by FOG Reg on January 17, 2024, 10:03 am;DebRodrigo;Not Valid;22/01/2024;08:12:10;22/01/2024;08:14:28;2 minutes 18 seconds;Deploy;00:02:18
fog;25;a45d362aed83;a4:5d:36:2a:ed:83;Created by FOG Reg on January 17, 2024, 10:03 am;DebRodrigo;Not Valid;22/01/2024;08:12:10;22/01/2024;08:14:18;2 minutes 8 seconds;Deploy;00:02:08
fog;26;a45d362aadca;a4:5d:36:2a:ad:ca;Created by FOG Reg on January 17, 2024, 10:03 am;DebRodrigo;Not Valid;22/01/2024;08:12:09;22/01/2024;08:14:28;2 minutes 19 seconds;Deploy;00:02:19
fog;27;a45d362a9143;a4:5d:36:2a:91:43;Created by FOG Reg on January 17, 2024, 10:04 am;DebRodrigo;Not Valid;22/01/2024;08:12:09;22/01/2024;08:14:24;2 minutes 15 seconds;Deploy;00:02:15
fog;28;a45d362ada99;a4:5d:36:2a:da:99;Created by FOG Reg on January 17, 2024, 10:04 am;DebRodrigo;Not Valid;22/01/2024;08:12:07;22/01/2024;08:13:58;1 minute 51 seconds;Deploy;00:01:51
fog;29;a45d362aad1b;a4:5d:36:2a:ad:1b;Created by FOG Reg on January 17, 2024, 10:04 am;DebRodrigo;Not Valid;22/01/2024;08:12:09;22/01/2024;08:14:27;2 minutes 18 seconds;Deploy;00:02:18
fog;30;a45d362abd32;a4:5d:36:2a:bd:32;Created by FOG Reg on January 17, 2024, 10:05 am;DebRodrigo;Not Valid;22/01/2024;08:12:04;22/01/2024;08:13:36;1 minute 32 seconds;Deploy;00:01:32
fog;31;a45d362abd2b;a4:5d:36:2a:bd:2b;Created by FOG Reg on January 17, 2024, 10:05 am;DebRodrigo;Not Valid;22/01/2024;08:12:13;22/01/2024;08:14:33;2 minutes 20 seconds;Deploy;00:02:20
fog;32;a45d362a9db8;a4:5d:36:2a:9d:b8;Created by FOG Reg on January 17, 2024, 10:05 am;DebRodrigo;Not Valid;22/01/2024;08:12:10;22/01/2024;08:14:28;2 minutes 18 seconds;Deploy;00:02:18
